Mean Interarrival Time,Mean Service Time,Number of Terminals,Mean Avg Waiting Time,Std Average Waiting Time,Mean Customers Delayed,Std Customers Delayed,Mean Percentage > 5min Delay,Std Percentage > 5min Delay,Mean Percentage < 4min Delay,Std Percentage < 4min Delay
5,5,1,43,27,178,12,83.1,11.2,15.3,10.2
5,5,2,2,1,192,14,11.8,5.6,85.6,5.9
5,5,3,0,0,193,14,1.2,1.5,98.1,1.9
5,5,4,0,0,193,14,0.1,0.4,99.8,0.5
5,5,5,0,0,192,14,0.0,0.0,100.0,0.1
5,6,1,93,39,157,12,93.2,5.7,6.2,5.2
5,6,2,3,2,192,14,22.4,9.1,74.3,9.1
5,6,3,0,0,192,14,2.9,2.6,96.0,3.0
5,6,4,0,0,193,14,0.3,0.7,99.5,0.9
5,6,5,0,0,192,14,0.0,0.2,99.9,0.3
5,7,1,141,44,136,11,95.7,3.7,3.9,3.4
5,7,2,6,4,191,14,35.4,11.5,61.2,11.1
5,7,3,1,1,192,14,6.3,4.6,92.1,4.9
5,7,4,0,0,192,13,0.9,1.4,98.7,1.7
5,7,5,0,0,192,14,0.1,0.4,99.8,0.5
5,8,1,181,44,120,11,96.5,2.9,3.2,2.7
5,8,2,12,9,189,13,51.3,15.1,45.8,14.5
5,8,3,1,1,192,14,11.0,6.3,86.8,6.7
5,8,4,0,0,193,14,1.9,2.2,97.4,2.5
5,8,5,0,0,193,14,0.3,0.8,99.5,1.0
5,9,1,214,46,107,10,96.8,2.6,3.0,2.4
5,9,2,23,17,185,12,66.8,15.5,31.1,14.7
5,9,3,3,2,192,14,17.4,8.6,80.0,8.8
5,9,4,0,0,193,14,3.6,3.2,95.3,3.5
5,9,5,0,0,193,14,0.6,1.1,99.1,1.4
5,10,1,237,46,97,9,96.9,2.4,2.9,2.3
5,10,2,42,28,179,11,80.0,13.1,18.6,12.2
5,10,3,4,2,192,14,24.5,10.5,72.8,10.6
5,10,4,1,1,192,14,6.0,4.6,92.6,4.9
5,10,5,0,0,193,14,1.3,1.9,98.3,2.2
5,11,1,259,43,88,9,97.1,2.0,2.7,1.8
5,11,2,68,36,168,11,87.8,9.9,11.4,9.3
5,11,3,6,5,190,13,34.1,13.3,63.0,13.1
5,11,4,1,1,192,14,9.4,6.2,88.8,6.6
5,11,5,0,0,192,14,2.2,2.6,97.2,2.9
5,12,1,274,42,80,9,96.9,2.3,2.9,2.1
5,12,2,92,42,157,11,91.0,7.5,8.4,7.0
5,12,3,10,8,189,13,45.1,15.3,52.2,14.9
5,12,4,2,2,192,14,13.5,7.8,84.5,8.2
5,12,5,0,0,193,14,3.5,3.4,95.6,3.7
5,13,1,290,46,75,8,96.9,2.2,2.9,2.1
5,13,2,114,43,147,12,92.9,5.7,6.6,5.3
5,13,3,17,14,188,12,56.5,17.0,41.1,16.3
5,13,4,3,2,191,14,19.1,9.9,78.7,10.1
5,13,5,1,1,192,14,5.4,4.7,93.5,5.0
5,14,1,302,45,70,8,97.0,2.0,2.9,1.9
5,14,2,141,44,136,11,93.9,4.7,5.7,4.4
5,14,3,26,20,184,12,66.9,17.0,31.1,16.1
5,14,4,5,3,192,13,26.0,11.8,71.5,11.8
5,14,5,1,1,192,14,8.0,5.7,90.6,6.1
6,5,1,19,13,156,12,64.2,13.5,33.0,12.6
6,5,2,1,1,160,12,7.5,4.5,90.5,5.0
6,5,3,0,0,160,13,0.7,1.2,98.9,1.4
6,5,4,0,0,160,12,0.0,0.2,99.9,0.3
6,5,5,0,0,162,12,0.0,0.0,100.0,0.1
6,6,1,49,31,147,10,83.6,11.3,15.1,10.4
6,6,2,2,1,160,12,13.6,6.4,83.8,6.7
6,6,3,0,0,161,13,1.6,1.8,97.7,2.2
6,6,4,0,0,161,13,0.1,0.5,99.7,0.7
6,6,5,0,0,161,12,0.0,0.1,100.0,0.2
6,7,1,91,43,133,11,91.8,7.5,7.5,6.9
6,7,2,3,2,160,13,21.9,9.0,75.2,9.1
6,7,3,0,0,161,12,3.5,3.0,95.5,3.4
6,7,4,0,0,160,13,0.4,0.9,99.4,1.1
6,7,5,0,0,160,12,0.0,0.2,99.9,0.3
6,8,1,130,47,118,11,94.6,4.9,5.0,4.5
6,8,2,6,4,160,12,33.3,11.6,63.6,11.5
6,8,3,1,1,161,12,6.2,4.4,92.4,4.7
6,8,4,0,0,160,13,1.0,1.6,98.6,1.9
6,8,5,0,0,161,13,0.1,0.5,99.8,0.6
6,9,1,162,50,107,10,95.7,3.7,4.1,3.4
6,9,2,10,7,159,12,45.2,14.2,51.9,13.8
6,9,3,1,1,160,13,9.8,5.7,88.3,6.2
6,9,4,0,0,161,13,1.5,2.0,97.9,2.3
6,9,5,0,0,161,12,0.3,0.7,99.6,0.9
6,10,1,193,49,95,10,96.1,3.1,3.6,2.9
6,10,2,17,13,156,12,57.7,15.9,39.9,15.2
6,10,3,2,2,160,12,14.7,8.2,83.2,8.5
6,10,4,0,0,161,13,2.9,2.9,96.3,3.2
6,10,5,0,0,160,13,0.5,1.1,99.3,1.3
6,11,1,217,49,88,9,96.1,3.3,3.6,3.0
6,11,2,29,21,153,11,69.7,15.8,28.6,15.0
6,11,3,3,2,160,13,20.6,10.0,77.0,10.1
6,11,4,1,1,160,12,4.7,4.1,94.3,4.5
6,11,5,0,0,160,12,0.9,1.4,98.8,1.7
6,12,1,241,47,80,9,96.6,2.5,3.3,2.4
6,12,2,44,28,149,10,79.5,13.2,19.2,12.4
6,12,3,5,3,159,13,26.7,11.6,70.9,11.6
6,12,4,1,1,160,13,6.8,5.0,91.9,5.3
6,12,5,0,0,160,13,1.6,2.3,98.0,2.5
6,13,1,257,49,74,8,96.6,2.5,3.3,2.4
6,13,2,64,37,141,10,84.8,11.2,14.2,10.4
6,13,3,7,5,160,13,35.3,13.5,62.3,13.4
6,13,4,1,1,160,12,10.0,7.0,88.5,7.4
6,13,5,0,0,161,13,2.5,2.8,96.8,3.1
6,14,1,272,50,69,8,96.5,2.5,3.3,2.3
6,14,2,84,41,134,10,89.1,8.7,10.3,8.1
6,14,3,11,9,159,11,44.9,15.8,52.7,15.4
6,14,4,2,2,160,13,13.8,8.3,84.3,8.6
6,14,5,1,1,160,12,3.7,3.7,95.5,4.1
7,5,1,11,6,136,12,50.8,12.7,45.9,12.2
7,5,2,1,0,138,12,5.0,3.6,93.5,3.9
7,5,3,0,0,138,12,0.4,0.8,99.4,1.0
7,5,4,0,0,138,12,0.0,0.2,100.0,0.2
7,5,5,0,0,137,12,0.0,0.0,100.0,0.0
7,6,1,25,18,133,10,69.3,14.2,28.4,13.4
7,6,2,1,1,138,12,9.4,5.4,88.5,5.8
7,6,3,0,0,138,12,1.0,1.4,98.6,1.7
7,6,4,0,0,137,12,0.1,0.4,99.9,0.5
7,6,5,0,0,138,11,0.0,0.1,100.0,0.2
7,7,1,52,32,126,10,83.5,11.4,15.3,10.7
7,7,2,2,1,138,12,15.9,7.4,81.7,7.7
7,7,3,0,0,138,12,2.0,2.3,97.3,2.6
7,7,4,0,0,139,12,0.2,0.7,99.6,0.8
7,7,5,0,0,138,12,0.0,0.2,100.0,0.2
7,8,1,85,43,115,10,90.1,8.5,9.2,7.9
7,8,2,4,2,137,11,23.2,9.3,74.1,9.4
7,8,3,1,0,138,12,3.7,3.1,95.4,3.5
7,8,4,0,0,138,12,0.5,1.0,99.2,1.3
7,8,5,0,0,137,12,0.1,0.3,99.9,0.4
7,9,1,119,49,105,10,93.4,5.8,6.1,5.4
7,9,2,6,4,138,12,32.5,11.7,64.7,11.6
7,9,3,1,1,138,12,6.1,4.7,92.6,5.0
7,9,4,0,0,137,11,1.0,1.6,98.7,1.9
7,9,5,0,0,137,12,0.1,0.5,99.8,0.7
7,10,1,151,52,95,9,94.8,4.5,4.9,4.2
7,10,2,9,6,135,11,40.7,13.7,56.7,13.4
7,10,3,1,1,138,12,9.3,5.9,89.1,6.2
7,10,4,0,0,138,11,1.6,2.2,97.8,2.4
7,10,5,0,0,138,12,0.3,0.7,99.6,0.9
7,11,1,176,53,87,9,95.4,3.8,4.3,3.5
7,11,2,14,11,135,11,52.1,16.0,45.4,15.4
7,11,3,2,1,137,12,12.7,7.3,85.5,7.7
7,11,4,0,0,138,12,2.5,2.8,96.8,3.1
7,11,5,0,0,138,12,0.5,1.2,99.3,1.3
7,12,1,201,53,79,9,95.8,3.4,4.0,3.2
7,12,2,22,17,133,11,61.2,16.4,36.7,15.7
7,12,3,3,2,137,12,17.3,9.0,80.7,9.3
7,12,4,1,0,138,11,4.1,3.7,95.1,4.0
7,12,5,0,0,137,12,0.8,1.5,98.9,1.7
7,13,1,222,52,74,8,95.9,3.2,3.9,3.0
7,13,2,33,24,130,10,70.8,15.6,27.6,14.9
7,13,3,4,3,137,11,22.7,10.7,75.2,10.8
7,13,4,1,1,137,12,5.9,4.9,93.0,5.3
7,13,5,0,0,138,12,1.3,1.9,98.4,2.1
7,14,1,236,52,69,8,96.2,2.7,3.6,2.6
7,14,2,45,30,127,10,77.5,14.7,21.2,14.0
7,14,3,6,4,136,11,29.0,12.7,68.8,12.7
7,14,4,1,1,138,12,7.5,5.7,91.3,6.1
7,14,5,0,0,138,11,2.0,2.6,97.6,2.9
8,5,1,8,4,119,11,40.6,11.3,56.1,11.1
8,5,2,1,0,121,11,3.8,3.2,95.1,3.6
8,5,3,0,0,121,11,0.3,0.7,99.6,0.9
8,5,4,0,0,121,11,0.0,0.1,100.0,0.2
8,5,5,0,0,120,11,0.0,0.0,100.0,0.1
8,6,1,15,10,118,10,57.2,13.7,40.1,13.0
8,6,2,1,1,120,11,7.1,4.8,91.2,5.2
8,6,3,0,0,121,11,0.7,1.1,99.0,1.4
8,6,4,0,0,120,11,0.0,0.2,99.9,0.4
8,6,5,0,0,121,11,0.0,0.1,100.0,0.2
8,7,1,30,23,116,9,71.3,14.4,26.6,13.5
8,7,2,2,1,121,11,11.2,6.4,86.7,6.6
8,7,3,0,0,120,11,1.2,1.6,98.3,2.0
8,7,4,0,0,121,11,0.1,0.6,99.8,0.6
8,7,5,0,0,121,11,0.0,0.2,100.0,0.2
8,8,1,55,36,110,9,83.4,11.5,15.4,10.8
8,8,2,2,2,120,11,16.7,7.9,80.9,8.1
8,8,3,0,0,120,11,2.4,2.6,96.8,2.9
8,8,4,0,0,121,11,0.3,0.9,99.5,1.0
8,8,5,0,0,121,11,0.0,0.2,100.0,0.3
8,9,1,81,42,102,9,89.3,8.8,9.9,8.2
8,9,2,4,2,120,11,23.9,10.3,73.6,10.3
8,9,3,1,0,120,11,3.9,3.6,95.2,4.0
8,9,4,0,0,121,11,0.6,1.3,99.2,1.5
8,9,5,0,0,120,11,0.1,0.4,99.9,0.5
8,10,1,112,50,94,9,92.5,6.5,7.0,6.1
8,10,2,6,4,120,11,30.7,11.9,66.7,11.8
8,10,3,1,1,120,11,6.1,4.6,92.8,4.9
8,10,4,0,0,120,11,1.0,1.8,98.7,2.0
8,10,5,0,0,121,11,0.2,0.6,99.8,0.7
8,11,1,142,54,86,9,93.9,5.5,5.8,5.3
8,11,2,8,6,118,10,38.2,13.3,59.3,13.2
8,11,3,1,1,120,11,8.8,6.3,89.8,6.7
8,11,4,0,0,120,11,1.7,2.3,97.9,2.5
8,11,5,0,0,121,11,0.3,0.8,99.6,0.9
8,12,1,166,54,79,9,94.4,4.6,5.2,4.3
8,12,2,13,11,119,11,47.2,15.3,50.5,15.0
8,12,3,2,1,120,11,12.0,7.6,86.4,7.9
8,12,4,0,0,121,11,2.4,2.8,97.0,3.1
8,12,5,0,0,121,11,0.5,1.1,99.4,1.3
8,13,1,186,55,74,8,95.3,3.8,4.5,3.6
8,13,2,18,14,117,10,55.6,16.3,42.3,15.7
8,13,3,2,2,120,11,15.3,8.9,82.9,9.1
8,13,4,0,1,121,11,3.5,3.7,95.7,4.0
8,13,5,0,0,121,11,0.6,1.4,99.2,1.6
8,14,1,208,55,68,8,95.4,3.5,4.4,3.3
8,14,2,27,19,116,10,65.5,16.3,32.8,15.6
8,14,3,3,3,120,11,20.0,10.1,78.1,10.2
8,14,4,1,1,120,11,4.9,4.8,94.3,5.0
8,14,5,0,0,120,11,1.0,1.8,98.7,2.0
9,5,1,6,3,107,10,33.8,10.3,62.8,10.2
9,5,2,0,0,107,10,2.7,2.6,96.4,3.0
9,5,3,0,0,107,10,0.2,0.5,99.7,0.7
9,5,4,0,0,107,10,0.0,0.1,100.0,0.1
9,5,5,0,0,107,10,0.0,0.0,100.0,0.0
9,6,1,11,6,106,10,47.8,12.8,49.3,12.3
9,6,2,1,1,108,10,5.3,4.0,93.3,4.4
9,6,3,0,0,108,10,0.5,1.1,99.3,1.3
9,6,4,0,0,107,10,0.0,0.2,99.9,0.3
9,6,5,0,0,107,10,0.0,0.0,100.0,0.0
9,7,1,20,14,105,9,61.3,14.2,36.4,13.5
9,7,2,1,1,107,10,8.5,5.4,89.8,5.8
9,7,3,0,0,107,10,0.9,1.4,98.8,1.6
9,7,4,0,0,107,11,0.1,0.4,99.9,0.5
9,7,5,0,0,107,10,0.0,0.1,100.0,0.1
9,8,1,34,26,102,9,73.6,14.0,24.7,13.4
9,8,2,2,1,107,10,12.4,6.4,85.7,6.7
9,8,3,0,0,107,10,1.7,2.1,97.7,2.4
9,8,4,0,0,107,10,0.2,0.6,99.8,0.8
9,8,5,0,0,107,10,0.0,0.1,100.0,0.1
9,9,1,55,35,97,8,82.3,12.0,16.5,11.2
9,9,2,3,2,107,10,18.5,9.1,79.3,9.2
9,9,3,0,0,107,10,2.7,2.9,96.6,3.2
9,9,4,0,0,107,10,0.4,0.9,99.5,1.1
9,9,5,0,0,108,10,0.0,0.3,99.9,0.3
9,10,1,80,45,91,8,87.8,10.1,11.4,9.4
9,10,2,4,3,107,10,24.2,10.2,73.6,10.3
9,10,3,1,1,107,10,4.3,3.9,94.8,4.2
9,10,4,0,0,107,10,0.6,1.3,99.2,1.5
9,10,5,0,0,107,10,0.1,0.4,99.9,0.5
9,11,1,107,51,84,8,91.4,7.5,8.1,7.1
9,11,2,6,4,106,10,29.8,11.8,67.9,11.7
9,11,3,1,1,107,10,6.2,4.8,92.7,5.1
9,11,4,0,0,107,10,1.0,1.8,98.7,2.1
9,11,5,0,0,108,10,0.2,0.6,99.7,0.8
9,12,1,133,55,78,8,93.0,6.0,6.5,5.6
9,12,2,9,6,106,10,37.3,13.8,60.3,13.6
9,12,3,1,1,107,10,8.4,6.0,90.2,6.4
9,12,4,0,0,107,10,1.7,2.3,97.9,2.5
9,12,5,0,0,108,10,0.3,0.9,99.6,1.0
9,13,1,156,55,73,8,93.8,5.4,5.8,5.1
9,13,2,12,10,105,10,44.6,14.9,53.2,14.5
9,13,3,2,1,107,11,11.1,7.1,87.5,7.4
9,13,4,0,0,108,10,2.4,2.7,97.1,3.0
9,13,5,0,0,107,10,0.5,1.2,99.4,1.3
9,14,1,175,57,68,8,94.4,4.5,5.3,4.3
9,14,2,17,13,105,9,52.5,16.0,45.6,15.6
9,14,3,2,2,107,10,14.6,9.0,83.8,9.3
9,14,4,0,1,107,10,3.2,3.7,96.2,4.0
9,14,5,0,0,107,11,0.6,1.4,99.2,1.5
10,5,1,5,3,96,10,29.0,9.7,67.8,9.8
10,5,2,0,0,96,9,2.0,2.2,97.2,2.5
10,5,3,0,0,97,10,0.1,0.5,99.8,0.6
10,5,4,0,0,96,10,0.0,0.1,100.0,0.1
10,5,5,0,0,97,10,0.0,0.0,100.0,0.0
10,6,1,8,5,96,10,41.0,12.1,56.1,11.8
10,6,2,1,0,97,10,4.2,3.5,94.8,3.9
10,6,3,0,0,96,10,0.3,0.8,99.5,1.0
10,6,4,0,0,97,10,0.0,0.2,100.0,0.2
10,6,5,0,0,98,10,0.0,0.1,100.0,0.1
10,7,1,14,9,95,9,53.2,13.3,44.4,12.8
10,7,2,1,1,97,10,6.8,4.9,91.8,5.2
10,7,3,0,0,97,10,0.6,1.2,99.1,1.4
10,7,4,0,0,97,10,0.1,0.3,99.9,0.4
10,7,5,0,0,97,10,0.0,0.1,100.0,0.1
10,8,1,24,17,94,9,64.2,14.9,33.7,14.1
10,8,2,1,1,96,10,10.3,6.3,88.0,6.6
10,8,3,0,0,97,10,1.2,1.7,98.4,2.0
10,8,4,0,0,97,10,0.1,0.5,99.8,0.6
10,8,5,0,0,97,9,0.0,0.2,100.0,0.2
10,9,1,39,27,91,8,74.9,13.4,23.5,12.7
10,9,2,2,1,96,10,14.5,7.4,83.6,7.7
10,9,3,0,0,96,10,2.2,2.6,97.2,3.0
10,9,4,0,0,97,10,0.2,0.8,99.7,0.9
10,9,5,0,0,97,10,0.0,0.2,100.0,0.2
10,10,1,59,39,87,8,82.0,12.5,17.0,11.8
10,10,2,3,2,96,10,18.7,9.1,79.3,9.4
10,10,3,0,0,96,10,3.3,3.5,96.1,3.8
10,10,4,0,0,97,10,0.4,1.0,99.4,1.2
10,10,5,0,0,96,10,0.0,0.3,99.9,0.3
10,11,1,84,47,82,8,87.7,9.6,11.7,9.1
10,11,2,4,3,96,10,23.7,9.8,74.2,9.9
10,11,3,1,1,97,10,4.7,4.2,94.5,4.6
10,11,4,0,0,96,10,0.7,1.3,99.2,1.5
10,11,5,0,0,97,10,0.1,0.5,99.8,0.6
10,12,1,105,52,77,8,90.5,7.8,9.0,7.4
10,12,2,6,4,95,9,29.5,11.9,68.3,11.8
10,12,3,1,1,97,10,6.1,5.3,92.9,5.6
10,12,4,0,0,96,10,1.1,1.9,98.6,2.1
10,12,5,0,0,96,10,0.2,0.7,99.8,0.8
10,13,1,126,58,72,8,91.9,7.2,7.7,6.8
10,13,2,9,7,96,10,36.3,13.8,61.6,13.7
10,13,3,1,1,96,10,8.2,6.0,90.6,6.3
10,13,4,0,0,96,10,1.6,2.5,98.0,2.7
10,13,5,0,0,96,10,0.2,0.7,99.7,0.8
10,14,1,151,58,67,8,93.3,5.8,6.4,5.5
10,14,2,11,9,95,10,41.1,15.2,56.8,14.9
10,14,3,2,1,97,10,10.1,6.8,88.5,7.1
10,14,4,0,0,96,10,2.2,2.8,97.3,3.1
10,14,5,0,0,97,10,0.3,0.9,99.6,1.0
11,5,1,4,2,88,10,25.1,8.8,72.0,8.8
11,5,2,0,0,89,9,1.8,2.2,97.5,2.5
11,5,3,0,0,88,9,0.1,0.4,99.9,0.5
11,5,4,0,0,88,9,0.0,0.0,100.0,0.1
11,5,5,0,0,88,9,0.0,0.0,100.0,0.0
11,6,1,7,4,87,9,35.5,11.4,61.5,11.1
11,6,2,0,0,88,9,3.3,3.2,95.8,3.5
11,6,3,0,0,88,10,0.3,0.8,99.6,1.0
11,6,4,0,0,88,9,0.0,0.1,100.0,0.1
11,6,5,0,0,88,9,0.0,0.0,100.0,0.0
11,7,1,11,7,87,9,46.3,12.9,51.1,12.6
11,7,2,1,1,88,9,5.5,4.2,93.3,4.6
11,7,3,0,0,88,9,0.5,1.1,99.3,1.3
11,7,4,0,0,88,9,0.0,0.3,99.9,0.4
11,7,5,0,0,88,9,0.0,0.1,100.0,0.1
11,8,1,17,13,86,9,56.8,14.0,40.9,13.5
11,8,2,1,1,88,10,8.4,5.4,90.1,5.7
11,8,3,0,0,88,9,1.0,1.7,98.7,1.9
11,8,4,0,0,88,10,0.1,0.4,99.9,0.5
11,8,5,0,0,88,9,0.0,0.1,100.0,0.1
11,9,1,28,20,84,8,67.4,14.0,30.9,13.4
11,9,2,2,1,88,10,11.5,6.8,86.9,7.1
11,9,3,0,0,89,9,1.7,2.4,97.9,2.6
11,9,4,0,0,88,9,0.2,0.7,99.7,0.9
11,9,5,0,0,88,9,0.0,0.2,100.0,0.2
11,10,1,43,30,82,8,75.5,14.3,23.1,13.7
11,10,2,2,2,88,9,15.5,8.3,82.7,8.6
11,10,3,0,0,88,9,2.4,2.9,97.1,3.2
11,10,4,0,0,88,9,0.3,0.8,99.6,1.0
11,10,5,0,0,88,9,0.0,0.2,100.0,0.3
11,11,1,61,40,79,8,81.8,12.8,17.2,12.1
11,11,2,3,2,87,9,19.6,9.2,78.4,9.3
11,11,3,0,1,88,9,3.4,3.5,95.9,3.8
11,11,4,0,0,88,9,0.5,1.2,99.4,1.4
11,11,5,0,0,88,10,0.1,0.4,99.9,0.5
11,12,1,79,48,75,7,85.7,11.2,13.5,10.6
11,12,2,5,3,88,9,24.2,10.8,73.7,10.9
11,12,3,1,1,87,9,4.7,4.4,94.5,4.6
11,12,4,0,0,88,9,0.7,1.5,99.1,1.7
11,12,5,0,0,88,9,0.1,0.6,99.8,0.7
11,13,1,97,52,71,8,88.7,9.3,10.7,8.8
11,13,2,6,5,87,9,30.1,12.9,68.0,12.9
11,13,3,1,1,87,9,6.2,5.0,92.9,5.3
11,13,4,0,0,88,9,1.2,2.2,98.6,2.4
11,13,5,0,0,88,9,0.1,0.6,99.8,0.7
11,14,1,123,56,66,8,91.2,7.7,8.3,7.3
11,14,2,8,6,87,9,34.8,13.5,63.3,13.4
11,14,3,1,1,88,10,8.4,6.4,90.6,6.7
11,14,4,0,0,88,9,1.6,2.5,98.0,2.7
11,14,5,0,0,88,9,0.3,0.8,99.7,1.0
12,5,1,3,2,81,9,22.3,8.4,75.0,8.6
12,5,2,0,0,81,9,1.3,1.8,98.2,2.1
12,5,3,0,0,81,9,0.1,0.4,99.9,0.5
12,5,4,0,0,80,9,0.0,0.0,100.0,0.1
12,5,5,0,0,80,9,0.0,0.0,100.0,0.0
12,6,1,5,3,80,9,30.9,10.3,66.3,10.2
12,6,2,0,0,81,9,2.6,2.6,96.7,3.0
12,6,3,0,0,80,9,0.1,0.5,99.8,0.7
12,6,4,0,0,80,9,0.0,0.2,100.0,0.3
12,6,5,0,0,81,8,0.0,0.0,100.0,0.0
12,7,1,9,6,80,9,41.1,12.8,56.2,12.5
12,7,2,1,1,81,9,4.6,4.0,94.4,4.3
12,7,3,0,0,81,9,0.4,1.0,99.4,1.2
12,7,4,0,0,81,9,0.0,0.3,100.0,0.3
12,7,5,0,0,81,9,0.0,0.1,100.0,0.1
12,8,1,14,10,79,9,50.4,13.8,47.4,13.3
12,8,2,1,1,81,9,6.7,4.8,92.0,5.1
12,8,3,0,0,80,9,0.7,1.5,99.0,1.7
12,8,4,0,0,80,9,0.1,0.4,99.9,0.5
12,8,5,0,0,81,9,0.0,0.1,100.0,0.1
12,9,1,21,15,79,8,59.8,14.2,38.1,13.6
12,9,2,1,1,80,9,9.6,6.2,88.9,6.6
12,9,3,0,0,81,9,1.2,2.0,98.5,2.2
12,9,4,0,0,81,8,0.1,0.5,99.8,0.6
12,9,5,0,0,80,9,0.0,0.1,100.0,0.1
12,10,1,32,23,77,8,69.7,14.9,28.7,14.2
12,10,2,2,2,80,9,12.8,7.8,85.5,8.0
12,10,3,0,0,81,9,1.8,2.5,97.8,2.8
12,10,4,0,0,80,9,0.2,0.7,99.7,0.8
12,10,5,0,0,81,9,0.0,0.1,100.0,0.2
12,11,1,46,33,75,8,75.3,14.0,23.4,13.4
12,11,2,3,2,80,9,17.1,8.7,81.1,9.0
12,11,3,0,0,81,9,2.6,3.1,96.9,3.3
12,11,4,0,0,81,9,0.3,0.9,99.6,1.1
12,11,5,0,0,81,9,0.0,0.3,99.9,0.3
12,12,1,62,41,72,7,81.0,13.2,18.1,12.6
12,12,2,4,3,81,9,21.0,10.1,77.1,10.2
12,12,3,1,1,81,9,3.7,4.0,95.6,4.3
12,12,4,0,0,81,9,0.5,1.3,99.3,1.5
12,12,5,0,0,80,9,0.1,0.4,99.9,0.4
12,13,1,79,47,69,7,85.4,11.1,13.9,10.6
12,13,2,5,4,81,9,24.8,11.2,73.4,11.2
12,13,3,1,1,80,9,4.8,4.7,94.4,5.0
12,13,4,0,0,81,9,0.8,1.7,98.9,1.9
12,13,5,0,0,80,9,0.1,0.5,99.8,0.6
12,14,1,101,53,65,7,88.2,9.7,11.2,9.2
12,14,2,7,5,80,9,30.1,13.3,67.9,13.3
12,14,3,1,1,80,9,6.4,5.4,92.7,5.7
12,14,4,0,0,80,9,1.1,2.0,98.6,2.2
12,14,5,0,0,81,9,0.2,0.7,99.8,0.8
13,5,1,3,1,75,8,19.7,7.8,77.8,7.9
13,5,2,0,0,75,8,1.3,1.8,98.3,2.1
13,5,3,0,0,74,8,0.0,0.3,99.9,0.4
13,5,4,0,0,75,8,0.0,0.1,100.0,0.1
13,5,5,0,0,74,9,0.0,0.0,100.0,0.0
13,6,1,5,3,74,9,28.5,10.3,68.8,10.2
13,6,2,0,0,75,8,2.3,2.5,97.0,2.8
13,6,3,0,0,74,9,0.2,0.6,99.8,0.7
13,6,4,0,0,75,9,0.0,0.2,100.0,0.3
13,6,5,0,0,74,8,0.0,0.0,100.0,0.0
13,7,1,7,4,74,8,36.6,11.7,60.8,11.6
13,7,2,1,0,75,8,3.9,3.6,95.2,4.0
13,7,3,0,0,75,9,0.3,0.8,99.6,1.0
13,7,4,0,0,74,8,0.0,0.2,100.0,0.2
13,7,5,0,0,74,8,0.0,0.1,100.0,0.1
13,8,1,11,8,74,8,45.5,13.1,52.0,12.8
13,8,2,1,1,74,8,5.5,4.3,93.4,4.7
13,8,3,0,0,74,8,0.5,1.2,99.3,1.4
13,8,4,0,0,75,9,0.0,0.3,99.9,0.3
13,8,5,0,0,74,9,0.0,0.0,100.0,0.1
13,9,1,17,12,73,8,53.6,14.1,44.1,13.6
13,9,2,1,1,75,8,7.9,5.6,90.9,5.9
13,9,3,0,0,75,8,0.8,1.6,98.9,1.9
13,9,4,0,0,75,9,0.1,0.5,99.9,0.6
13,9,5,0,0,75,9,0.0,0.1,100.0,0.1
13,10,1,25,19,72,8,62.7,15.0,35.6,14.4
13,10,2,2,1,74,9,10.5,7.0,88.0,7.3
13,10,3,0,0,74,9,1.5,2.2,98.1,2.4
13,10,4,0,0,75,8,0.2,0.7,99.8,0.9
13,10,5,0,0,74,9,0.0,0.2,100.0,0.3
13,11,1,37,28,70,8,70.2,15.4,28.4,14.7
13,11,2,2,2,75,8,13.7,7.6,84.7,7.8
13,11,3,0,0,74,9,2.0,2.7,97.6,2.9
13,11,4,0,0,74,9,0.2,0.8,99.7,0.9
13,11,5,0,0,75,8,0.0,0.2,100.0,0.3
13,12,1,50,36,68,7,76.6,14.1,22.3,13.5
13,12,2,3,2,74,9,17.3,9.3,81.0,9.5
13,12,3,0,0,75,8,3.1,3.5,96.4,3.8
13,12,4,0,0,74,8,0.4,1.1,99.5,1.2
13,12,5,0,0,74,8,0.0,0.2,100.0,0.3
13,13,1,62,41,66,7,81.1,13.1,18.0,12.5
13,13,2,4,3,74,9,21.4,10.8,76.8,11.0
13,13,3,1,1,75,9,3.9,3.9,95.5,4.2
13,13,4,0,0,74,8,0.6,1.6,99.2,1.8
13,13,5,0,0,74,9,0.1,0.5,99.9,0.6
13,14,1,79,48,64,7,84.8,11.4,14.5,10.8
13,14,2,5,4,74,9,24.6,11.4,73.6,11.5
13,14,3,1,1,75,8,5.2,5.1,94.1,5.3
13,14,4,0,0,74,9,0.7,1.5,99.1,1.7
13,14,5,0,0,75,8,0.1,0.6,99.8,0.7
14,5,1,3,1,69,8,17.5,7.6,80.0,7.9
14,5,2,0,0,69,8,1.0,1.5,98.6,1.8
14,5,3,0,0,69,8,0.0,0.3,99.9,0.4
14,5,4,0,0,70,8,0.0,0.1,100.0,0.2
14,5,5,0,0,69,8,0.0,0.0,100.0,0.0
14,6,1,4,3,69,8,26.2,9.9,71.1,9.9
14,6,2,0,0,70,9,1.9,2.4,97.5,2.7
14,6,3,0,0,69,8,0.1,0.4,99.8,0.6
14,6,4,0,0,69,8,0.0,0.1,100.0,0.1
14,6,5,0,0,69,8,0.0,0.0,100.0,0.0
14,7,1,7,4,69,9,33.4,11.9,64.0,11.8
14,7,2,0,0,69,8,3.1,3.4,96.1,3.7
14,7,3,0,0,69,8,0.2,0.7,99.7,0.9
14,7,4,0,0,70,8,0.0,0.1,100.0,0.2
14,7,5,0,0,70,8,0.0,0.0,100.0,0.1
14,8,1,10,7,68,8,41.2,13.0,56.4,12.8
14,8,2,1,1,69,8,5.1,4.6,93.9,4.9
14,8,3,0,0,69,8,0.4,1.1,99.4,1.3
14,8,4,0,0,69,8,0.0,0.2,100.0,0.2
14,8,5,0,0,69,8,0.0,0.0,100.0,0.1
14,9,1,14,10,68,8,49.1,13.6,48.7,13.3
14,9,2,1,1,69,8,6.8,5.1,92.1,5.5
14,9,3,0,0,70,8,0.7,1.4,99.1,1.6
14,9,4,0,0,70,8,0.1,0.4,99.9,0.4
14,9,5,0,0,69,8,0.0,0.1,100.0,0.1
14,10,1,20,15,68,8,56.7,14.9,41.3,14.4
14,10,2,1,1,69,8,9.3,6.4,89.4,6.7
14,10,3,0,0,69,8,1.2,2.1,98.5,2.3
14,10,4,0,0,69,8,0.1,0.5,99.9,0.5
14,10,5,0,0,69,8,0.0,0.1,100.0,0.2
14,11,1,28,21,66,7,64.1,15.3,34.2,14.8
14,11,2,2,2,69,9,12.1,7.8,86.6,8.0
14,11,3,0,0,69,9,1.8,2.5,97.9,2.7
14,11,4,0,0,69,8,0.2,0.8,99.7,0.9
14,11,5,0,0,69,8,0.0,0.2,100.0,0.2
14,12,1,39,30,65,7,70.6,15.2,28.1,14.7
14,12,2,3,2,69,8,15.3,8.6,83.2,8.8
14,12,3,0,0,69,8,2.3,3.1,97.2,3.3
14,12,4,0,0,70,8,0.3,0.9,99.6,1.0
14,12,5,0,0,69,8,0.0,0.3,100.0,0.4
14,13,1,55,38,63,7,77.4,14.2,21.6,13.6
14,13,2,3,3,69,8,17.6,9.4,80.8,9.7
14,13,3,0,1,69,8,3.3,3.8,96.2,4.0
14,13,4,0,0,69,8,0.5,1.3,99.4,1.4
14,13,5,0,0,70,8,0.1,0.5,99.9,0.6
14,14,1,63,43,62,7,80.2,12.9,18.9,12.3
14,14,2,4,3,69,8,21.3,10.6,77.0,10.7
14,14,3,1,1,69,8,4.1,4.3,95.2,4.6
14,14,4,0,0,69,8,0.6,1.5,99.2,1.8
14,14,5,0,0,70,8,0.1,0.6,99.9,0.7
