Mean inter-call time at X,Mean inter-call time at Y,Mean call length time,Telephony System,Channels from X to Y,Channels from Y to X,Total calls originated,Total calls patched (mean),Total calls patched (std),Total calls blocked (mean),Total calls blocked (std),Percentage calls blocked (mean),Percentage calls blocked (std),Average Channel Utilisation (mean),Average Channel Utilisation (std)
12,15,300,1,11,11,1000,475.0,23.0,525.0,23.0,52.5,2.3,91.7,0.8
12,15,300,1,11,12,1000,487.0,21.0,513.0,21.0,51.3,2.1,91.4,0.9
12,15,300,1,11,13,1000,507.0,27.0,493.0,27.0,49.3,2.7,90.8,1.0
12,15,300,1,11,14,1000,524.0,22.0,476.0,22.0,47.6,2.2,90.1,1.1
12,15,300,1,11,15,1000,544.0,21.0,456.0,21.0,45.6,2.1,89.8,1.0
12,15,300,1,11,16,1000,559.0,24.0,441.0,24.0,44.1,2.4,89.1,1.4
12,15,300,1,11,17,1000,572.0,27.0,428.0,27.0,42.8,2.7,88.0,1.4
12,15,300,1,11,18,1000,592.0,27.0,408.0,27.0,40.8,2.7,87.6,1.4
12,15,300,1,11,19,1000,607.0,23.0,393.0,23.0,39.3,2.3,86.5,1.6
12,15,300,1,11,20,1000,615.0,22.0,385.0,22.0,38.5,2.2,85.4,1.8
12,15,300,1,11,21,1000,627.0,22.0,373.0,22.0,37.3,2.2,84.5,1.9
12,15,300,1,11,22,1000,639.0,21.0,361.0,21.0,36.1,2.1,83.4,2.1
12,15,300,1,11,23,1000,649.0,20.0,351.0,20.0,35.1,2.0,81.7,2.0
12,15,300,1,11,24,1000,655.0,19.0,345.0,19.0,34.5,1.9,80.2,2.1
12,15,300,1,11,25,1000,663.0,22.0,337.0,22.0,33.7,2.2,79.5,2.6
12,15,300,1,11,26,1000,667.0,22.0,333.0,22.0,33.3,2.2,77.3,2.5
12,15,300,1,11,27,1000,675.0,24.0,325.0,24.0,32.5,2.4,75.9,2.5
12,15,300,1,11,28,1000,672.0,20.0,328.0,20.0,32.8,2.0,74.0,2.8
12,15,300,1,11,29,1000,678.0,23.0,322.0,23.0,32.2,2.3,73.5,2.6
12,15,300,1,11,30,1000,678.0,19.0,322.0,19.0,32.2,1.9,71.2,2.9
12,15,300,1,12,11,1000,491.0,22.0,509.0,22.0,50.9,2.2,91.5,0.9
12,15,300,1,12,12,1000,509.0,25.0,491.0,25.0,49.1,2.5,91.2,0.9
12,15,300,1,12,13,1000,530.0,26.0,470.0,26.0,47.0,2.6,90.7,1.0
12,15,300,1,12,14,1000,546.0,22.0,454.0,22.0,45.4,2.2,90.2,1.0
12,15,300,1,12,15,1000,564.0,22.0,436.0,22.0,43.6,2.2,89.6,1.2
12,15,300,1,12,16,1000,582.0,25.0,418.0,25.0,41.8,2.5,88.9,1.5
12,15,300,1,12,17,1000,596.0,19.0,404.0,19.0,40.4,1.9,88.4,1.2
12,15,300,1,12,18,1000,614.0,26.0,386.0,26.0,38.6,2.6,87.2,1.5
12,15,300,1,12,19,1000,625.0,25.0,375.0,25.0,37.5,2.5,86.7,1.8
12,15,300,1,12,20,1000,639.0,21.0,361.0,21.0,36.1,2.1,85.4,1.8
12,15,300,1,12,21,1000,650.0,23.0,350.0,23.0,35.0,2.3,84.2,1.9
12,15,300,1,12,22,1000,653.0,20.0,347.0,20.0,34.7,2.0,83.4,1.8
12,15,300,1,12,23,1000,672.0,20.0,328.0,20.0,32.8,2.0,81.9,2.4
12,15,300,1,12,24,1000,676.0,21.0,324.0,21.0,32.4,2.1,80.6,2.3
12,15,300,1,12,25,1000,683.0,22.0,317.0,22.0,31.7,2.2,79.1,2.5
12,15,300,1,12,26,1000,686.0,24.0,314.0,24.0,31.4,2.4,78.0,2.7
12,15,300,1,12,27,1000,690.0,23.0,310.0,23.0,31.0,2.3,76.5,2.4
12,15,300,1,12,28,1000,696.0,21.0,304.0,21.0,30.4,2.1,74.5,2.7
12,15,300,1,12,29,1000,704.0,21.0,296.0,21.0,29.6,2.1,73.5,2.8
12,15,300,1,12,30,1000,695.0,19.0,305.0,19.0,30.5,1.9,71.7,2.6
12,15,300,1,13,11,1000,510.0,24.0,490.0,24.0,49.0,2.4,91.4,0.8
12,15,300,1,13,12,1000,527.0,22.0,473.0,22.0,47.3,2.2,91.1,0.8
12,15,300,1,13,13,1000,550.0,25.0,450.0,25.0,45.0,2.5,90.5,0.9
12,15,300,1,13,14,1000,567.0,23.0,433.0,23.0,43.3,2.3,90.0,0.9
12,15,300,1,13,15,1000,581.0,27.0,419.0,27.0,41.9,2.7,89.6,1.1
12,15,300,1,13,16,1000,601.0,26.0,399.0,26.0,39.9,2.6,88.9,1.2
12,15,300,1,13,17,1000,622.0,26.0,378.0,26.0,37.8,2.6,88.1,1.2
12,15,300,1,13,18,1000,637.0,25.0,363.0,25.0,36.3,2.5,87.4,1.3
12,15,300,1,13,19,1000,643.0,23.0,357.0,23.0,35.7,2.3,86.6,1.5
12,15,300,1,13,20,1000,661.0,24.0,339.0,24.0,33.9,2.4,85.5,1.8
12,15,300,1,13,21,1000,670.0,24.0,330.0,24.0,33.0,2.4,84.4,2.0
12,15,300,1,13,22,1000,678.0,24.0,322.0,24.0,32.2,2.4,83.5,1.9
12,15,300,1,13,23,1000,691.0,23.0,309.0,23.0,30.9,2.3,82.3,1.9
12,15,300,1,13,24,1000,697.0,25.0,303.0,25.0,30.3,2.5,81.1,2.2
12,15,300,1,13,25,1000,704.0,22.0,296.0,22.0,29.6,2.2,79.2,2.3
12,15,300,1,13,26,1000,708.0,19.0,292.0,19.0,29.2,1.9,77.7,2.6
12,15,300,1,13,27,1000,710.0,23.0,290.0,23.0,29.0,2.3,76.4,2.6
12,15,300,1,13,28,1000,715.0,22.0,285.0,22.0,28.5,2.2,75.6,2.6
12,15,300,1,13,29,1000,715.0,22.0,285.0,22.0,28.5,2.2,73.5,2.5
12,15,300,1,13,30,1000,720.0,18.0,280.0,18.0,28.0,1.8,71.9,2.8
12,15,300,1,14,11,1000,531.0,24.0,469.0,24.0,46.9,2.4,91.2,0.8
12,15,300,1,14,12,1000,547.0,22.0,453.0,22.0,45.3,2.2,90.8,0.8
12,15,300,1,14,13,1000,571.0,26.0,429.0,26.0,42.9,2.6,90.3,0.9
12,15,300,1,14,14,1000,586.0,24.0,414.0,24.0,41.4,2.4,90.0,1.0
12,15,300,1,14,15,1000,606.0,24.0,394.0,24.0,39.4,2.4,89.3,1.1
12,15,300,1,14,16,1000,618.0,24.0,382.0,24.0,38.2,2.4,88.8,1.0
12,15,300,1,14,17,1000,634.0,26.0,366.0,26.0,36.6,2.6,88.2,1.3
12,15,300,1,14,18,1000,651.0,26.0,349.0,26.0,34.9,2.6,87.3,1.4
12,15,300,1,14,19,1000,664.0,23.0,336.0,23.0,33.6,2.3,86.6,1.4
12,15,300,1,14,20,1000,678.0,24.0,322.0,24.0,32.2,2.4,85.7,1.5
12,15,300,1,14,21,1000,686.0,22.0,314.0,22.0,31.4,2.2,84.6,1.9
12,15,300,1,14,22,1000,700.0,23.0,300.0,23.0,30.0,2.3,83.1,1.9
12,15,300,1,14,23,1000,711.0,22.0,289.0,22.0,28.9,2.2,82.3,2.0
12,15,300,1,14,24,1000,716.0,23.0,284.0,23.0,28.4,2.3,80.7,2.4
12,15,300,1,14,25,1000,724.0,21.0,276.0,21.0,27.6,2.1,79.5,2.2
12,15,300,1,14,26,1000,719.0,23.0,281.0,23.0,28.1,2.3,78.4,2.9
12,15,300,1,14,27,1000,736.0,24.0,264.0,24.0,26.4,2.4,76.9,2.6
12,15,300,1,14,28,1000,738.0,21.0,262.0,21.0,26.2,2.1,75.2,2.3
12,15,300,1,14,29,1000,739.0,22.0,261.0,22.0,26.1,2.2,73.9,2.4
12,15,300,1,14,30,1000,740.0,23.0,260.0,23.0,26.0,2.3,72.2,2.6
12,15,300,1,15,11,1000,550.0,28.0,450.0,28.0,45.0,2.8,90.9,0.9
12,15,300,1,15,12,1000,570.0,24.0,430.0,24.0,43.0,2.4,90.4,0.9
12,15,300,1,15,13,1000,586.0,25.0,414.0,25.0,41.4,2.5,90.3,1.0
12,15,300,1,15,14,1000,608.0,24.0,392.0,24.0,39.2,2.4,89.7,1.0
12,15,300,1,15,15,1000,625.0,25.0,375.0,25.0,37.5,2.5,89.2,1.1
12,15,300,1,15,16,1000,638.0,26.0,362.0,26.0,36.2,2.6,88.7,1.0
12,15,300,1,15,17,1000,655.0,28.0,345.0,28.0,34.5,2.8,88.2,1.3
12,15,300,1,15,18,1000,668.0,26.0,332.0,26.0,33.2,2.6,87.3,1.4
12,15,300,1,15,19,1000,683.0,27.0,317.0,27.0,31.7,2.7,86.5,1.6
12,15,300,1,15,20,1000,697.0,23.0,303.0,23.0,30.3,2.3,85.8,1.5
12,15,300,1,15,21,1000,709.0,24.0,291.0,24.0,29.1,2.4,84.6,1.6
12,15,300,1,15,22,1000,719.0,24.0,281.0,24.0,28.1,2.4,83.4,1.8
12,15,300,1,15,23,1000,728.0,25.0,272.0,25.0,27.2,2.5,82.3,2.0
12,15,300,1,15,24,1000,737.0,25.0,263.0,25.0,26.3,2.5,81.1,2.3
12,15,300,1,15,25,1000,740.0,22.0,260.0,22.0,26.0,2.2,79.8,2.5
12,15,300,1,15,26,1000,746.0,23.0,254.0,23.0,25.4,2.3,78.5,2.3
12,15,300,1,15,27,1000,750.0,20.0,250.0,20.0,25.0,2.0,77.2,2.3
12,15,300,1,15,28,1000,754.0,23.0,246.0,23.0,24.6,2.3,75.1,2.5
12,15,300,1,15,29,1000,756.0,24.0,244.0,24.0,24.4,2.4,73.1,2.4
12,15,300,1,15,30,1000,758.0,23.0,242.0,23.0,24.2,2.3,72.4,2.2
12,15,300,1,16,11,1000,569.0,24.0,431.0,24.0,43.1,2.4,90.5,0.9
12,15,300,1,16,12,1000,590.0,24.0,410.0,24.0,41.0,2.4,90.3,1.0
12,15,300,1,16,13,1000,611.0,26.0,389.0,26.0,38.9,2.6,89.7,1.0
12,15,300,1,16,14,1000,622.0,25.0,378.0,25.0,37.8,2.5,89.4,1.1
12,15,300,1,16,15,1000,646.0,24.0,354.0,24.0,35.4,2.4,88.9,0.9
12,15,300,1,16,16,1000,659.0,26.0,341.0,26.0,34.1,2.6,88.3,1.1
12,15,300,1,16,17,1000,673.0,26.0,327.0,26.0,32.7,2.6,88.0,1.4
12,15,300,1,16,18,1000,685.0,26.0,315.0,26.0,31.5,2.6,87.3,1.2
12,15,300,1,16,19,1000,703.0,25.0,297.0,25.0,29.7,2.5,86.4,1.5
12,15,300,1,16,20,1000,713.0,26.0,287.0,26.0,28.7,2.6,85.5,1.6
12,15,300,1,16,21,1000,725.0,28.0,275.0,28.0,27.5,2.8,84.8,1.9
12,15,300,1,16,22,1000,740.0,26.0,260.0,26.0,26.0,2.6,83.4,1.8
12,15,300,1,16,23,1000,750.0,23.0,250.0,23.0,25.0,2.3,81.9,2.1
12,15,300,1,16,24,1000,754.0,22.0,246.0,22.0,24.6,2.2,81.3,2.2
12,15,300,1,16,25,1000,764.0,22.0,236.0,22.0,23.5,2.2,80.0,2.1
12,15,300,1,16,26,1000,765.0,25.0,235.0,25.0,23.5,2.5,78.7,2.1
12,15,300,1,16,27,1000,772.0,22.0,228.0,22.0,22.8,2.2,77.7,2.0
12,15,300,1,16,28,1000,771.0,21.0,229.0,21.0,22.9,2.1,75.8,2.5
12,15,300,1,16,29,1000,776.0,27.0,224.0,27.0,22.4,2.7,74.4,2.6
12,15,300,1,16,30,1000,778.0,23.0,222.0,23.0,22.2,2.3,72.8,2.5
12,15,300,1,17,11,1000,587.0,22.0,413.0,22.0,41.3,2.2,90.0,1.0
12,15,300,1,17,12,1000,603.0,26.0,397.0,26.0,39.7,2.6,90.0,1.0
12,15,300,1,17,13,1000,626.0,24.0,374.0,24.0,37.4,2.4,89.5,1.0
12,15,300,1,17,14,1000,643.0,27.0,357.0,27.0,35.7,2.7,89.2,1.1
12,15,300,1,17,15,1000,660.0,25.0,340.0,25.0,33.9,2.5,88.7,1.1
12,15,300,1,17,16,1000,676.0,26.0,324.0,26.0,32.4,2.6,88.3,1.2
12,15,300,1,17,17,1000,698.0,27.0,302.0,27.0,30.2,2.7,87.5,1.3
12,15,300,1,17,18,1000,707.0,27.0,293.0,27.0,29.3,2.7,87.2,1.1
12,15,300,1,17,19,1000,722.0,26.0,278.0,26.0,27.8,2.6,86.3,1.3
12,15,300,1,17,20,1000,737.0,28.0,263.0,28.0,26.3,2.8,85.2,1.7
12,15,300,1,17,21,1000,740.0,29.0,260.0,29.0,26.0,2.9,84.3,2.0
12,15,300,1,17,22,1000,758.0,26.0,242.0,26.0,24.2,2.6,83.4,1.7
12,15,300,1,17,23,1000,766.0,27.0,234.0,27.0,23.4,2.7,82.5,2.3
12,15,300,1,17,24,1000,773.0,25.0,227.0,25.0,22.7,2.5,80.8,2.1
12,15,300,1,17,25,1000,783.0,24.0,217.0,24.0,21.7,2.4,80.1,2.1
12,15,300,1,17,26,1000,785.0,21.0,215.0,21.0,21.5,2.1,78.4,2.2
12,15,300,1,17,27,1000,790.0,21.0,210.0,21.0,21.0,2.1,77.0,2.3
12,15,300,1,17,28,1000,794.0,24.0,206.0,24.0,20.6,2.4,75.4,2.2
12,15,300,1,17,29,1000,797.0,21.0,203.0,21.0,20.3,2.1,74.1,2.5
12,15,300,1,17,30,1000,798.0,21.0,202.0,21.0,20.2,2.1,72.9,2.5
12,15,300,1,18,11,1000,602.0,24.0,398.0,24.0,39.8,2.4,89.9,0.9
12,15,300,1,18,12,1000,622.0,24.0,378.0,24.0,37.8,2.4,89.5,1.1
12,15,300,1,18,13,1000,641.0,29.0,359.0,29.0,35.9,2.9,89.3,1.1
12,15,300,1,18,14,1000,665.0,26.0,335.0,26.0,33.5,2.6,88.7,1.1
12,15,300,1,18,15,1000,683.0,28.0,317.0,28.0,31.7,2.8,88.2,1.2
12,15,300,1,18,16,1000,697.0,28.0,303.0,28.0,30.3,2.8,87.9,1.1
12,15,300,1,18,17,1000,708.0,25.0,292.0,25.0,29.2,2.5,87.6,1.1
12,15,300,1,18,18,1000,723.0,30.0,277.0,30.0,27.7,3.0,86.7,1.4
12,15,300,1,18,19,1000,735.0,27.0,265.0,27.0,26.5,2.7,86.0,1.5
12,15,300,1,18,20,1000,753.0,24.0,247.0,24.0,24.7,2.4,85.1,1.4
12,15,300,1,18,21,1000,763.0,23.0,237.0,23.0,23.7,2.3,84.4,1.6
12,15,300,1,18,22,1000,776.0,25.0,224.0,25.0,22.4,2.5,83.1,1.8
12,15,300,1,18,23,1000,789.0,25.0,211.0,25.0,21.1,2.5,81.9,2.1
12,15,300,1,18,24,1000,791.0,22.0,209.0,22.0,20.9,2.2,81.1,1.9
12,15,300,1,18,25,1000,801.0,24.0,199.0,24.0,19.9,2.4,79.6,2.2
12,15,300,1,18,26,1000,798.0,22.0,202.0,22.0,20.2,2.2,78.7,2.3
12,15,300,1,18,27,1000,809.0,23.0,191.0,23.0,19.1,2.3,77.4,2.3
12,15,300,1,18,28,1000,812.0,23.0,188.0,23.0,18.8,2.3,76.3,2.2
12,15,300,1,18,29,1000,815.0,23.0,185.0,23.0,18.5,2.3,74.0,2.4
12,15,300,1,18,30,1000,817.0,23.0,183.0,23.0,18.3,2.3,73.1,2.7
12,15,300,1,19,11,1000,627.0,25.0,373.0,25.0,37.3,2.5,89.2,1.1
12,15,300,1,19,12,1000,645.0,28.0,355.0,28.0,35.5,2.8,89.0,1.4
12,15,300,1,19,13,1000,656.0,24.0,344.0,24.0,34.4,2.4,89.0,1.1
12,15,300,1,19,14,1000,682.0,23.0,318.0,23.0,31.8,2.3,88.3,1.1
12,15,300,1,19,15,1000,699.0,24.0,301.0,24.0,30.1,2.4,87.9,1.0
12,15,300,1,19,16,1000,711.0,28.0,289.0,28.0,28.9,2.8,87.6,1.2
12,15,300,1,19,17,1000,729.0,28.0,271.0,28.0,27.1,2.8,87.0,1.5
12,15,300,1,19,18,1000,745.0,25.0,255.0,25.0,25.5,2.5,86.3,1.3
12,15,300,1,19,19,1000,757.0,22.0,243.0,22.0,24.3,2.2,85.6,1.4
12,15,300,1,19,20,1000,775.0,28.0,225.0,28.0,22.5,2.8,84.8,1.6
12,15,300,1,19,21,1000,781.0,29.0,219.0,29.0,21.9,2.9,84.2,1.7
12,15,300,1,19,22,1000,791.0,24.0,209.0,24.0,20.9,2.4,82.9,1.9
12,15,300,1,19,23,1000,802.0,27.0,198.0,27.0,19.8,2.7,81.9,1.7
12,15,300,1,19,24,1000,812.0,23.0,188.0,23.0,18.8,2.3,81.0,1.8
12,15,300,1,19,25,1000,816.0,23.0,184.0,23.0,18.4,2.3,80.0,1.9
12,15,300,1,19,26,1000,820.0,25.0,180.0,25.0,18.0,2.5,78.3,2.1
12,15,300,1,19,27,1000,826.0,25.0,174.0,25.0,17.3,2.5,77.4,2.1
12,15,300,1,19,28,1000,827.0,24.0,173.0,24.0,17.3,2.4,75.9,2.5
12,15,300,1,19,29,1000,836.0,23.0,164.0,23.0,16.4,2.3,74.6,2.4
12,15,300,1,19,30,1000,831.0,24.0,169.0,24.0,16.9,2.4,73.2,2.3
12,15,300,1,20,11,1000,641.0,25.0,359.0,25.0,35.9,2.5,88.5,1.2
12,15,300,1,20,12,1000,663.0,22.0,337.0,22.0,33.7,2.2,88.4,1.1
12,15,300,1,20,13,1000,679.0,25.0,321.0,25.0,32.1,2.5,88.3,1.2
12,15,300,1,20,14,1000,694.0,23.0,306.0,23.0,30.6,2.3,88.1,1.2
12,15,300,1,20,15,1000,713.0,25.0,287.0,25.0,28.7,2.5,87.7,1.3
12,15,300,1,20,16,1000,728.0,28.0,272.0,28.0,27.2,2.8,87.5,1.3
12,15,300,1,20,17,1000,746.0,27.0,254.0,27.0,25.4,2.7,86.7,1.4
12,15,300,1,20,18,1000,760.0,24.0,240.0,24.0,24.0,2.4,86.1,1.3
12,15,300,1,20,19,1000,778.0,25.0,222.0,25.0,22.2,2.5,85.4,1.4
12,15,300,1,20,20,1000,789.0,25.0,211.0,25.0,21.1,2.5,84.6,1.5
12,15,300,1,20,21,1000,796.0,25.0,204.0,25.0,20.4,2.5,83.7,1.6
12,15,300,1,20,22,1000,814.0,22.0,186.0,22.0,18.6,2.2,82.5,1.9
12,15,300,1,20,23,1000,821.0,22.0,179.0,22.0,17.9,2.2,81.8,1.9
12,15,300,1,20,24,1000,829.0,25.0,171.0,25.0,17.1,2.5,80.7,2.0
12,15,300,1,20,25,1000,834.0,22.0,166.0,22.0,16.6,2.2,79.3,2.2
12,15,300,1,20,26,1000,839.0,23.0,161.0,23.0,16.1,2.3,78.5,2.2
12,15,300,1,20,27,1000,846.0,19.0,154.0,19.0,15.4,1.9,76.7,2.2
12,15,300,1,20,28,1000,847.0,22.0,153.0,22.0,15.3,2.2,75.8,2.6
12,15,300,1,20,29,1000,847.0,23.0,153.0,23.0,15.3,2.3,73.9,2.4
12,15,300,1,20,30,1000,848.0,23.0,152.0,23.0,15.2,2.3,73.0,2.7
12,15,300,1,21,11,1000,656.0,26.0,344.0,26.0,34.4,2.6,88.1,1.2
12,15,300,1,21,12,1000,677.0,25.0,323.0,25.0,32.3,2.5,88.0,1.2
12,15,300,1,21,13,1000,697.0,31.0,303.0,31.0,30.3,3.1,87.6,1.3
12,15,300,1,21,14,1000,717.0,24.0,283.0,24.0,28.3,2.4,87.2,1.2
12,15,300,1,21,15,1000,729.0,28.0,271.0,28.0,27.1,2.8,87.1,1.3
12,15,300,1,21,16,1000,749.0,26.0,251.0,26.0,25.1,2.6,86.7,1.3
12,15,300,1,21,17,1000,759.0,26.0,241.0,26.0,24.1,2.6,86.4,1.3
12,15,300,1,21,18,1000,780.0,24.0,220.0,24.0,22.0,2.4,85.7,1.4
12,15,300,1,21,19,1000,795.0,27.0,205.0,27.0,20.5,2.7,84.8,1.4
12,15,300,1,21,20,1000,803.0,27.0,197.0,27.0,19.7,2.7,84.4,1.5
12,15,300,1,21,21,1000,815.0,24.0,185.0,24.0,18.5,2.4,83.4,1.7
12,15,300,1,21,22,1000,826.0,25.0,174.0,25.0,17.4,2.5,82.7,1.7
12,15,300,1,21,23,1000,837.0,22.0,163.0,22.0,16.3,2.2,81.6,1.9
12,15,300,1,21,24,1000,844.0,25.0,156.0,25.0,15.6,2.5,80.4,1.8
12,15,300,1,21,25,1000,850.0,25.0,150.0,25.0,15.0,2.5,79.5,2.0
12,15,300,1,21,26,1000,854.0,22.0,146.0,22.0,14.6,2.2,78.2,2.1
12,15,300,1,21,27,1000,866.0,21.0,134.0,21.0,13.4,2.1,76.7,2.2
12,15,300,1,21,28,1000,865.0,20.0,135.0,20.0,13.5,2.0,75.5,2.3
12,15,300,1,21,29,1000,866.0,22.0,134.0,22.0,13.4,2.2,74.5,2.3
12,15,300,1,21,30,1000,863.0,24.0,137.0,24.0,13.7,2.4,73.4,2.3
12,15,300,1,22,11,1000,669.0,25.0,331.0,25.0,33.1,2.5,87.7,1.3
12,15,300,1,22,12,1000,692.0,22.0,308.0,22.0,30.8,2.2,87.4,1.3
12,15,300,1,22,13,1000,712.0,24.0,288.0,24.0,28.8,2.4,87.1,1.3
12,15,300,1,22,14,1000,728.0,26.0,272.0,26.0,27.2,2.6,86.9,1.3
12,15,300,1,22,15,1000,747.0,24.0,253.0,24.0,25.3,2.4,86.6,1.5
12,15,300,1,22,16,1000,759.0,26.0,241.0,26.0,24.1,2.6,86.3,1.4
12,15,300,1,22,17,1000,779.0,23.0,221.0,23.0,22.1,2.3,85.7,1.3
12,15,300,1,22,18,1000,794.0,25.0,206.0,25.0,20.6,2.5,85.4,1.6
12,15,300,1,22,19,1000,806.0,28.0,194.0,28.0,19.4,2.8,84.5,1.6
12,15,300,1,22,20,1000,820.0,25.0,180.0,25.0,18.0,2.5,83.7,1.9
12,15,300,1,22,21,1000,835.0,24.0,165.0,24.0,16.5,2.4,83.2,1.7
12,15,300,1,22,22,1000,841.0,22.0,159.0,22.0,15.9,2.2,82.1,1.9
12,15,300,1,22,23,1000,853.0,21.0,147.0,21.0,14.7,2.1,81.1,1.9
12,15,300,1,22,24,1000,851.0,22.0,149.0,22.0,14.9,2.2,80.3,2.2
12,15,300,1,22,25,1000,861.0,23.0,139.0,23.0,13.9,2.3,78.9,2.1
12,15,300,1,22,26,1000,864.0,23.0,136.0,23.0,13.6,2.3,78.3,2.4
12,15,300,1,22,27,1000,875.0,20.0,125.0,20.0,12.5,2.0,76.7,2.2
12,15,300,1,22,28,1000,875.0,20.0,125.0,20.0,12.5,2.0,75.2,2.2
12,15,300,1,22,29,1000,878.0,22.0,122.0,22.0,12.2,2.2,74.1,2.3
12,15,300,1,22,30,1000,882.0,21.0,118.0,21.0,11.8,2.1,72.7,2.3
12,15,300,1,23,11,1000,689.0,23.0,311.0,23.0,31.1,2.3,86.8,1.3
12,15,300,1,23,12,1000,709.0,23.0,291.0,23.0,29.1,2.3,86.4,1.3
12,15,300,1,23,13,1000,727.0,25.0,273.0,25.0,27.3,2.5,86.4,1.4
12,15,300,1,23,14,1000,743.0,24.0,257.0,24.0,25.7,2.4,86.0,1.4
12,15,300,1,23,15,1000,760.0,23.0,240.0,23.0,24.0,2.3,85.9,1.4
12,15,300,1,23,16,1000,780.0,25.0,220.0,25.0,22.0,2.5,85.5,1.4
12,15,300,1,23,17,1000,793.0,26.0,207.0,26.0,20.7,2.6,85.2,1.5
12,15,300,1,23,18,1000,804.0,29.0,196.0,29.0,19.6,2.9,84.9,1.5
12,15,300,1,23,19,1000,822.0,24.0,178.0,24.0,17.8,2.4,83.9,1.7
12,15,300,1,23,20,1000,833.0,26.0,167.0,26.0,16.7,2.6,83.4,1.7
12,15,300,1,23,21,1000,843.0,26.0,157.0,26.0,15.7,2.6,82.9,1.5
12,15,300,1,23,22,1000,858.0,21.0,142.0,21.0,14.2,2.1,81.9,1.9
12,15,300,1,23,23,1000,867.0,24.0,133.0,24.0,13.3,2.4,80.9,1.9
12,15,300,1,23,24,1000,873.0,21.0,127.0,21.0,12.7,2.1,79.9,2.0
12,15,300,1,23,25,1000,880.0,24.0,120.0,24.0,12.0,2.4,78.8,1.9
12,15,300,1,23,26,1000,886.0,20.0,114.0,20.0,11.4,2.0,77.5,1.9
12,15,300,1,23,27,1000,891.0,25.0,109.0,25.0,10.9,2.5,76.4,2.1
12,15,300,1,23,28,1000,892.0,24.0,108.0,24.0,10.8,2.4,75.5,2.3
12,15,300,1,23,29,1000,893.0,20.0,107.0,20.0,10.7,2.0,74.2,2.2
12,15,300,1,23,30,1000,900.0,22.0,100.0,22.0,10.0,2.2,72.8,2.5
12,15,300,1,24,11,1000,701.0,26.0,299.0,26.0,29.9,2.6,85.9,1.6
12,15,300,1,24,12,1000,720.0,26.0,280.0,26.0,28.0,2.6,85.8,1.4
12,15,300,1,24,13,1000,734.0,29.0,266.0,29.0,26.6,2.9,85.7,1.5
12,15,300,1,24,14,1000,761.0,23.0,239.0,23.0,23.9,2.3,85.5,1.4
12,15,300,1,24,15,1000,779.0,28.0,221.0,28.0,22.1,2.8,85.0,1.6
12,15,300,1,24,16,1000,791.0,27.0,209.0,27.0,20.9,2.7,84.9,1.8
12,15,300,1,24,17,1000,804.0,24.0,196.0,24.0,19.6,2.4,84.6,1.5
12,15,300,1,24,18,1000,820.0,26.0,180.0,26.0,18.0,2.6,84.1,1.4
12,15,300,1,24,19,1000,842.0,29.0,158.0,29.0,15.8,2.9,83.2,1.7
12,15,300,1,24,20,1000,851.0,25.0,149.0,25.0,14.9,2.5,82.8,1.7
12,15,300,1,24,21,1000,860.0,25.0,140.0,25.0,14.0,2.5,82.2,2.1
12,15,300,1,24,22,1000,868.0,24.0,132.0,24.0,13.2,2.4,81.4,1.8
12,15,300,1,24,23,1000,877.0,21.0,123.0,21.0,12.3,2.1,80.4,1.8
12,15,300,1,24,24,1000,892.0,23.0,108.0,23.0,10.8,2.3,79.2,2.2
12,15,300,1,24,25,1000,896.0,22.0,104.0,22.0,10.4,2.2,78.3,2.1
12,15,300,1,24,26,1000,903.0,19.0,97.0,19.0,9.7,1.9,77.1,1.9
12,15,300,1,24,27,1000,903.0,21.0,97.0,21.0,9.7,2.1,76.0,2.3
12,15,300,1,24,28,1000,906.0,23.0,94.0,23.0,9.4,2.3,75.2,2.3
12,15,300,1,24,29,1000,906.0,22.0,94.0,22.0,9.4,2.2,73.8,2.5
12,15,300,1,24,30,1000,911.0,21.0,89.0,21.0,8.9,2.1,72.2,2.3
12,15,300,1,25,11,1000,715.0,25.0,285.0,25.0,28.5,2.5,84.8,1.9
12,15,300,1,25,12,1000,735.0,30.0,265.0,30.0,26.5,3.0,85.2,1.6
12,15,300,1,25,13,1000,750.0,23.0,250.0,23.0,25.0,2.3,84.9,1.6
12,15,300,1,25,14,1000,768.0,24.0,232.0,24.0,23.2,2.4,84.7,1.7
12,15,300,1,25,15,1000,787.0,27.0,213.0,27.0,21.3,2.7,84.5,1.5
12,15,300,1,25,16,1000,804.0,28.0,196.0,28.0,19.6,2.8,84.5,1.5
12,15,300,1,25,17,1000,817.0,24.0,183.0,24.0,18.3,2.4,83.7,1.5
12,15,300,1,25,18,1000,835.0,21.0,165.0,21.0,16.5,2.1,83.6,1.4
12,15,300,1,25,19,1000,846.0,21.0,154.0,21.0,15.4,2.1,82.9,1.6
12,15,300,1,25,20,1000,864.0,25.0,136.0,25.0,13.6,2.5,82.0,1.8
12,15,300,1,25,21,1000,871.0,22.0,129.0,22.0,12.9,2.2,81.6,2.1
12,15,300,1,25,22,1000,884.0,22.0,116.0,22.0,11.6,2.2,80.4,1.9
12,15,300,1,25,23,1000,893.0,22.0,107.0,22.0,10.7,2.2,80.0,1.9
12,15,300,1,25,24,1000,903.0,22.0,97.0,22.0,9.7,2.2,78.7,2.2
12,15,300,1,25,25,1000,905.0,23.0,95.0,23.0,9.5,2.3,78.2,2.0
12,15,300,1,25,26,1000,910.0,19.0,90.0,19.0,9.0,1.9,76.8,2.2
12,15,300,1,25,27,1000,915.0,20.0,85.0,20.0,8.5,2.0,75.4,2.3
12,15,300,1,25,28,1000,918.0,19.0,82.0,19.0,8.2,1.9,74.2,2.4
12,15,300,1,25,29,1000,920.0,19.0,80.0,19.0,8.0,1.9,73.5,2.2
12,15,300,1,25,30,1000,922.0,19.0,78.0,19.0,7.8,1.9,71.6,2.1
12,15,300,1,26,11,1000,725.0,24.0,275.0,24.0,27.5,2.4,84.3,1.9
12,15,300,1,26,12,1000,746.0,24.0,254.0,24.0,25.4,2.4,84.3,1.6
12,15,300,1,26,13,1000,759.0,24.0,241.0,24.0,24.1,2.4,84.6,1.7
12,15,300,1,26,14,1000,779.0,25.0,221.0,25.0,22.1,2.5,83.8,1.7
12,15,300,1,26,15,1000,798.0,27.0,202.0,27.0,20.2,2.7,83.5,1.7
12,15,300,1,26,16,1000,814.0,28.0,186.0,28.0,18.6,2.8,83.5,1.7
12,15,300,1,26,17,1000,829.0,25.0,171.0,25.0,17.1,2.5,83.1,1.8
12,15,300,1,26,18,1000,845.0,23.0,155.0,23.0,15.5,2.3,82.6,1.7
12,15,300,1,26,19,1000,859.0,24.0,141.0,24.0,14.1,2.4,81.9,1.8
12,15,300,1,26,20,1000,880.0,18.0,120.0,18.0,12.0,1.8,81.4,1.7
12,15,300,1,26,21,1000,887.0,24.0,113.0,24.0,11.3,2.4,80.7,2.1
12,15,300,1,26,22,1000,897.0,24.0,103.0,24.0,10.3,2.4,80.1,2.1
12,15,300,1,26,23,1000,903.0,23.0,97.0,23.0,9.7,2.3,79.3,2.0
12,15,300,1,26,24,1000,912.0,20.0,88.0,20.0,8.8,2.0,78.3,2.3
12,15,300,1,26,25,1000,917.0,21.0,83.0,21.0,8.3,2.1,77.5,2.3
12,15,300,1,26,26,1000,922.0,19.0,78.0,19.0,7.8,1.9,76.4,2.5
12,15,300,1,26,27,1000,926.0,19.0,74.0,19.0,7.4,1.9,75.3,2.5
12,15,300,1,26,28,1000,930.0,20.0,70.0,20.0,7.0,2.0,74.3,2.2
12,15,300,1,26,29,1000,932.0,18.0,68.0,18.0,6.8,1.8,73.0,2.5
12,15,300,1,26,30,1000,934.0,17.0,66.0,17.0,6.6,1.7,71.8,2.7
12,15,300,1,27,11,1000,734.0,26.0,266.0,26.0,26.6,2.6,83.6,1.9
12,15,300,1,27,12,1000,759.0,25.0,241.0,25.0,24.1,2.5,83.0,1.9
12,15,300,1,27,13,1000,772.0,25.0,228.0,25.0,22.8,2.5,83.2,1.9
12,15,300,1,27,14,1000,794.0,25.0,206.0,25.0,20.6,2.5,83.2,1.8
12,15,300,1,27,15,1000,808.0,25.0,192.0,25.0,19.2,2.5,82.6,2.0
12,15,300,1,27,16,1000,828.0,27.0,172.0,27.0,17.2,2.7,82.2,2.2
12,15,300,1,27,17,1000,839.0,21.0,161.0,21.0,16.1,2.1,82.2,1.7
12,15,300,1,27,18,1000,858.0,22.0,142.0,22.0,14.2,2.2,82.0,1.7
12,15,300,1,27,19,1000,869.0,25.0,131.0,25.0,13.1,2.5,81.1,2.1
12,15,300,1,27,20,1000,879.0,22.0,121.0,22.0,12.1,2.2,81.0,1.8
12,15,300,1,27,21,1000,893.0,22.0,107.0,22.0,10.7,2.2,80.4,2.0
12,15,300,1,27,22,1000,908.0,23.0,92.0,23.0,9.2,2.3,79.3,2.1
12,15,300,1,27,23,1000,918.0,19.0,82.0,19.0,8.2,1.9,78.4,2.0
12,15,300,1,27,24,1000,925.0,17.0,75.0,17.0,7.5,1.7,77.6,1.8
12,15,300,1,27,25,1000,929.0,20.0,71.0,20.0,7.1,2.0,76.9,2.3
12,15,300,1,27,26,1000,937.0,18.0,63.0,18.0,6.3,1.8,75.0,2.2
12,15,300,1,27,27,1000,939.0,18.0,61.0,18.0,6.1,1.8,74.5,2.2
12,15,300,1,27,28,1000,943.0,19.0,57.0,19.0,5.7,1.9,73.5,2.4
12,15,300,1,27,29,1000,942.0,19.0,58.0,19.0,5.8,1.9,72.4,2.5
12,15,300,1,27,30,1000,946.0,16.0,54.0,16.0,5.4,1.6,71.2,2.2
12,15,300,1,28,11,1000,745.0,24.0,255.0,24.0,25.5,2.4,82.3,2.1
12,15,300,1,28,12,1000,766.0,23.0,234.0,23.0,23.4,2.3,81.7,1.9
12,15,300,1,28,13,1000,784.0,22.0,216.0,22.0,21.6,2.2,82.3,1.6
12,15,300,1,28,14,1000,799.0,25.0,201.0,25.0,20.1,2.5,82.1,2.0
12,15,300,1,28,15,1000,816.0,24.0,184.0,24.0,18.4,2.4,81.6,2.1
12,15,300,1,28,16,1000,838.0,23.0,162.0,23.0,16.2,2.3,81.7,2.0
12,15,300,1,28,17,1000,848.0,22.0,152.0,22.0,15.2,2.2,81.6,2.0
12,15,300,1,28,18,1000,871.0,21.0,129.0,21.0,12.9,2.1,80.6,2.0
12,15,300,1,28,19,1000,880.0,24.0,120.0,24.0,12.0,2.4,80.3,1.8
12,15,300,1,28,20,1000,888.0,24.0,112.0,24.0,11.2,2.4,80.3,1.7
12,15,300,1,28,21,1000,901.0,25.0,99.0,25.0,9.9,2.5,79.5,2.2
12,15,300,1,28,22,1000,917.0,20.0,83.0,20.0,8.3,2.0,78.5,2.0
12,15,300,1,28,23,1000,922.0,18.0,78.0,18.0,7.8,1.8,78.2,1.7
12,15,300,1,28,24,1000,931.0,17.0,69.0,17.0,6.9,1.7,77.1,2.2
12,15,300,1,28,25,1000,938.0,16.0,62.0,16.0,6.2,1.6,76.0,2.1
12,15,300,1,28,26,1000,945.0,16.0,55.0,16.0,5.5,1.6,74.9,2.2
12,15,300,1,28,27,1000,949.0,15.0,51.0,15.0,5.1,1.5,74.2,2.6
12,15,300,1,28,28,1000,950.0,17.0,50.0,17.0,5.0,1.7,73.5,2.4
12,15,300,1,28,29,1000,956.0,14.0,44.0,14.0,4.4,1.4,71.6,2.3
12,15,300,1,28,30,1000,953.0,17.0,47.0,17.0,4.7,1.7,70.9,2.6
12,15,300,1,29,11,1000,759.0,23.0,241.0,23.0,24.1,2.3,80.6,2.4
12,15,300,1,29,12,1000,774.0,22.0,226.0,22.0,22.6,2.2,81.2,2.2
12,15,300,1,29,13,1000,788.0,22.0,212.0,22.0,21.2,2.2,80.9,2.3
12,15,300,1,29,14,1000,809.0,25.0,191.0,25.0,19.1,2.5,80.8,2.1
12,15,300,1,29,15,1000,831.0,23.0,169.0,23.0,16.9,2.3,80.4,2.2
12,15,300,1,29,16,1000,844.0,22.0,156.0,22.0,15.6,2.2,81.0,1.9
12,15,300,1,29,17,1000,860.0,19.0,140.0,19.0,14.0,1.9,80.2,2.0
12,15,300,1,29,18,1000,873.0,21.0,127.0,21.0,12.7,2.1,80.2,1.7
12,15,300,1,29,19,1000,887.0,20.0,113.0,20.0,11.3,2.0,79.6,2.0
12,15,300,1,29,20,1000,904.0,19.0,96.0,19.0,9.6,1.9,79.0,1.9
12,15,300,1,29,21,1000,911.0,21.0,89.0,21.0,8.9,2.1,78.7,2.2
12,15,300,1,29,22,1000,925.0,23.0,75.0,23.0,7.5,2.3,77.6,2.4
12,15,300,1,29,23,1000,932.0,21.0,68.0,21.0,6.8,2.1,76.9,2.3
12,15,300,1,29,24,1000,939.0,19.0,61.0,19.0,6.1,1.9,76.3,2.5
12,15,300,1,29,25,1000,949.0,16.0,51.0,16.0,5.1,1.6,75.4,2.4
12,15,300,1,29,26,1000,953.0,17.0,47.0,17.0,4.7,1.7,74.1,2.1
12,15,300,1,29,27,1000,955.0,15.0,45.0,15.0,4.5,1.5,73.8,2.4
12,15,300,1,29,28,1000,963.0,14.0,37.0,14.0,3.7,1.4,71.8,2.4
12,15,300,1,29,29,1000,960.0,13.0,40.0,13.0,4.0,1.3,71.5,2.5
12,15,300,1,29,30,1000,963.0,15.0,37.0,15.0,3.7,1.5,70.5,2.3
12,15,300,1,30,11,1000,760.0,24.0,240.0,24.0,24.0,2.4,79.8,2.2
12,15,300,1,30,12,1000,780.0,21.0,220.0,21.0,22.0,2.1,79.5,2.4
12,15,300,1,30,13,1000,801.0,24.0,199.0,24.0,19.9,2.4,79.8,2.3
12,15,300,1,30,14,1000,819.0,21.0,181.0,21.0,18.1,2.1,79.3,2.4
12,15,300,1,30,15,1000,832.0,21.0,168.0,21.0,16.8,2.1,79.5,2.2
12,15,300,1,30,16,1000,850.0,23.0,150.0,23.0,15.0,2.3,79.7,2.3
12,15,300,1,30,17,1000,867.0,22.0,133.0,22.0,13.3,2.2,79.3,2.3
12,15,300,1,30,18,1000,880.0,21.0,120.0,21.0,12.0,2.1,79.2,2.2
12,15,300,1,30,19,1000,893.0,20.0,107.0,20.0,10.7,2.0,78.7,2.2
12,15,300,1,30,20,1000,905.0,20.0,95.0,20.0,9.5,2.0,78.6,2.2
12,15,300,1,30,21,1000,922.0,19.0,78.0,19.0,7.8,1.9,77.4,2.1
12,15,300,1,30,22,1000,931.0,20.0,69.0,20.0,6.9,2.0,76.7,2.1
12,15,300,1,30,23,1000,939.0,17.0,61.0,17.0,6.1,1.7,76.0,2.5
12,15,300,1,30,24,1000,948.0,17.0,52.0,17.0,5.2,1.7,75.0,2.3
12,15,300,1,30,25,1000,954.0,15.0,46.0,15.0,4.6,1.5,74.2,2.4
12,15,300,1,30,26,1000,960.0,13.0,40.0,13.0,4.0,1.3,73.7,2.3
12,15,300,1,30,27,1000,963.0,15.0,37.0,15.0,3.7,1.5,72.5,2.5
12,15,300,1,30,28,1000,966.0,13.0,34.0,13.0,3.4,1.3,71.6,2.4
12,15,300,1,30,29,1000,970.0,12.0,30.0,12.0,3.0,1.2,70.6,2.6
12,15,300,1,30,30,1000,971.0,12.0,29.0,12.0,2.9,1.2,69.6,2.4
12,15,300,2,11,11,1000,487.0,27.0,513.0,27.0,51.3,2.7,94.9,0.6
12,15,300,2,11,12,1000,508.0,25.0,492.0,25.0,49.2,2.5,94.7,0.6
12,15,300,2,11,13,1000,526.0,27.0,474.0,27.0,47.4,2.7,94.5,0.7
12,15,300,2,11,14,1000,548.0,24.0,452.0,24.0,45.2,2.4,94.3,0.6
12,15,300,2,11,15,1000,569.0,28.0,431.0,28.0,43.1,2.8,94.1,0.7
12,15,300,2,11,16,1000,586.0,25.0,414.0,25.0,41.4,2.5,93.8,0.7
12,15,300,2,11,17,1000,610.0,29.0,390.0,29.0,39.0,2.9,93.5,0.8
12,15,300,2,11,18,1000,634.0,26.0,366.0,26.0,36.6,2.6,93.3,0.8
12,15,300,2,11,19,1000,647.0,28.0,353.0,28.0,35.3,2.8,93.1,0.9
12,15,300,2,11,20,1000,665.0,30.0,335.0,30.0,33.5,3.0,92.8,0.8
12,15,300,2,11,21,1000,684.0,30.0,316.0,30.0,31.6,3.0,92.4,1.0
12,15,300,2,11,22,1000,709.0,27.0,291.0,27.0,29.1,2.7,92.1,0.9
12,15,300,2,11,23,1000,727.0,32.0,273.0,32.0,27.3,3.2,91.7,1.1
12,15,300,2,11,24,1000,747.0,28.0,253.0,28.0,25.3,2.8,91.3,1.0
12,15,300,2,11,25,1000,757.0,31.0,243.0,31.0,24.3,3.1,91.1,1.0
12,15,300,2,11,26,1000,782.0,35.0,218.0,35.0,21.8,3.5,90.1,1.3
12,15,300,2,11,27,1000,795.0,22.0,205.0,22.0,20.5,2.2,90.1,1.1
12,15,300,2,11,28,1000,812.0,27.0,188.0,27.0,18.8,2.7,89.6,1.3
12,15,300,2,11,29,1000,831.0,30.0,169.0,30.0,16.9,3.0,89.0,1.4
12,15,300,2,11,30,1000,850.0,28.0,150.0,28.0,15.0,2.8,88.5,1.5
12,15,300,2,12,11,1000,505.0,26.0,495.0,26.0,49.5,2.6,94.8,0.5
12,15,300,2,12,12,1000,526.0,28.0,474.0,28.0,47.4,2.8,94.6,0.6
12,15,300,2,12,13,1000,546.0,23.0,454.0,23.0,45.4,2.3,94.2,0.6
12,15,300,2,12,14,1000,569.0,29.0,431.0,29.0,43.1,2.9,94.0,0.7
12,15,300,2,12,15,1000,589.0,27.0,411.0,27.0,41.1,2.7,93.8,0.7
12,15,300,2,12,16,1000,603.0,26.0,397.0,26.0,39.7,2.6,93.7,0.7
12,15,300,2,12,17,1000,630.0,29.0,370.0,29.0,37.0,2.9,93.2,0.8
12,15,300,2,12,18,1000,645.0,31.0,355.0,31.0,35.5,3.1,93.1,0.9
12,15,300,2,12,19,1000,670.0,29.0,330.0,29.0,33.0,2.9,92.7,0.9
12,15,300,2,12,20,1000,686.0,30.0,314.0,30.0,31.4,3.0,92.5,0.8
12,15,300,2,12,21,1000,712.0,30.0,288.0,30.0,28.8,3.0,92.1,0.9
12,15,300,2,12,22,1000,727.0,30.0,273.0,30.0,27.3,3.0,91.8,0.9
12,15,300,2,12,23,1000,744.0,26.0,256.0,26.0,25.6,2.6,91.3,1.0
12,15,300,2,12,24,1000,767.0,24.0,233.0,24.0,23.3,2.4,91.0,1.0
12,15,300,2,12,25,1000,780.0,29.0,220.0,29.0,22.0,2.9,90.6,1.1
12,15,300,2,12,26,1000,795.0,31.0,205.0,31.0,20.5,3.1,90.0,1.2
12,15,300,2,12,27,1000,815.0,30.0,185.0,30.0,18.5,3.0,89.5,1.2
12,15,300,2,12,28,1000,825.0,27.0,175.0,27.0,17.5,2.7,89.0,1.4
12,15,300,2,12,29,1000,847.0,26.0,153.0,26.0,15.3,2.6,88.4,1.4
12,15,300,2,12,30,1000,860.0,24.0,140.0,24.0,14.0,2.4,88.1,1.4
12,15,300,2,13,11,1000,533.0,25.0,467.0,25.0,46.7,2.5,94.5,0.7
12,15,300,2,13,12,1000,547.0,29.0,453.0,29.0,45.3,2.9,94.3,0.6
12,15,300,2,13,13,1000,567.0,24.0,433.0,24.0,43.3,2.4,94.1,0.6
12,15,300,2,13,14,1000,591.0,25.0,409.0,25.0,40.9,2.5,93.8,0.7
12,15,300,2,13,15,1000,608.0,35.0,392.0,35.0,39.2,3.5,93.5,0.8
12,15,300,2,13,16,1000,626.0,27.0,374.0,27.0,37.4,2.7,93.4,0.8
12,15,300,2,13,17,1000,652.0,25.0,348.0,25.0,34.8,2.5,93.0,0.8
12,15,300,2,13,18,1000,668.0,29.0,332.0,29.0,33.2,2.9,92.7,0.9
12,15,300,2,13,19,1000,686.0,27.0,314.0,27.0,31.4,2.7,92.4,0.9
12,15,300,2,13,20,1000,707.0,26.0,293.0,26.0,29.3,2.6,92.2,0.9
12,15,300,2,13,21,1000,723.0,28.0,277.0,28.0,27.7,2.8,91.6,1.0
12,15,300,2,13,22,1000,744.0,29.0,256.0,29.0,25.6,2.9,91.5,1.0
12,15,300,2,13,23,1000,761.0,31.0,239.0,31.0,23.9,3.1,91.0,1.1
12,15,300,2,13,24,1000,783.0,29.0,217.0,29.0,21.7,2.9,90.4,1.1
12,15,300,2,13,25,1000,790.0,32.0,210.0,32.0,21.0,3.2,90.2,1.2
12,15,300,2,13,26,1000,812.0,31.0,188.0,31.0,18.8,3.1,89.6,1.2
12,15,300,2,13,27,1000,828.0,31.0,172.0,31.0,17.2,3.1,89.1,1.5
12,15,300,2,13,28,1000,847.0,31.0,153.0,31.0,15.3,3.1,88.6,1.3
12,15,300,2,13,29,1000,857.0,30.0,143.0,30.0,14.3,3.0,88.0,1.7
12,15,300,2,13,30,1000,877.0,28.0,123.0,28.0,12.3,2.8,86.9,1.8
12,15,300,2,14,11,1000,548.0,25.0,452.0,25.0,45.2,2.5,94.2,0.6
12,15,300,2,14,12,1000,563.0,28.0,437.0,28.0,43.7,2.8,94.1,0.7
12,15,300,2,14,13,1000,588.0,27.0,412.0,27.0,41.2,2.7,93.7,0.8
12,15,300,2,14,14,1000,608.0,32.0,392.0,32.0,39.2,3.2,93.6,0.7
12,15,300,2,14,15,1000,631.0,28.0,369.0,28.0,36.9,2.8,93.2,0.8
12,15,300,2,14,16,1000,653.0,27.0,347.0,27.0,34.7,2.7,93.0,0.8
12,15,300,2,14,17,1000,670.0,29.0,330.0,29.0,33.0,2.9,92.6,0.9
12,15,300,2,14,18,1000,686.0,28.0,314.0,28.0,31.4,2.8,92.3,0.9
12,15,300,2,14,19,1000,706.0,26.0,294.0,26.0,29.4,2.6,92.2,1.0
12,15,300,2,14,20,1000,727.0,29.0,273.0,29.0,27.3,2.9,91.6,1.0
12,15,300,2,14,21,1000,744.0,27.0,256.0,27.0,25.6,2.7,91.4,1.0
12,15,300,2,14,22,1000,761.0,27.0,239.0,27.0,23.9,2.7,91.0,1.0
12,15,300,2,14,23,1000,780.0,28.0,220.0,28.0,22.0,2.8,90.4,1.2
12,15,300,2,14,24,1000,795.0,33.0,205.0,33.0,20.5,3.3,90.0,1.2
12,15,300,2,14,25,1000,821.0,34.0,179.0,34.0,17.9,3.4,89.3,1.4
12,15,300,2,14,26,1000,830.0,26.0,170.0,26.0,17.0,2.6,89.2,1.3
12,15,300,2,14,27,1000,848.0,27.0,152.0,27.0,15.2,2.7,88.4,1.4
12,15,300,2,14,28,1000,862.0,28.0,138.0,28.0,13.8,2.8,87.9,1.7
12,15,300,2,14,29,1000,871.0,27.0,129.0,27.0,12.9,2.7,87.6,1.4
12,15,300,2,14,30,1000,884.0,24.0,116.0,24.0,11.6,2.4,86.7,1.5
12,15,300,2,15,11,1000,572.0,27.0,428.0,27.0,42.8,2.7,94.0,0.6
12,15,300,2,15,12,1000,594.0,25.0,406.0,25.0,40.6,2.5,93.7,0.7
12,15,300,2,15,13,1000,614.0,28.0,386.0,28.0,38.6,2.8,93.5,0.7
12,15,300,2,15,14,1000,630.0,27.0,370.0,27.0,37.0,2.7,93.3,0.7
12,15,300,2,15,15,1000,648.0,29.0,352.0,29.0,35.2,2.9,93.1,0.8
12,15,300,2,15,16,1000,669.0,27.0,331.0,27.0,33.1,2.7,92.7,0.9
12,15,300,2,15,17,1000,687.0,33.0,313.0,33.0,31.3,3.3,92.3,1.0
12,15,300,2,15,18,1000,705.0,30.0,295.0,30.0,29.5,3.0,92.2,1.0
12,15,300,2,15,19,1000,729.0,29.0,271.0,29.0,27.1,2.9,91.6,0.9
12,15,300,2,15,20,1000,742.0,23.0,258.0,23.0,25.8,2.3,91.4,0.9
12,15,300,2,15,21,1000,765.0,28.0,235.0,28.0,23.5,2.8,90.8,1.2
12,15,300,2,15,22,1000,781.0,28.0,219.0,28.0,21.9,2.8,90.6,1.0
12,15,300,2,15,23,1000,798.0,26.0,202.0,26.0,20.2,2.6,90.1,1.0
12,15,300,2,15,24,1000,813.0,26.0,187.0,26.0,18.7,2.6,89.6,1.2
12,15,300,2,15,25,1000,827.0,30.0,173.0,30.0,17.3,3.0,89.0,1.4
12,15,300,2,15,26,1000,842.0,28.0,158.0,28.0,15.8,2.8,88.5,1.4
12,15,300,2,15,27,1000,860.0,28.0,140.0,28.0,14.0,2.8,87.8,1.6
12,15,300,2,15,28,1000,872.0,28.0,128.0,28.0,12.8,2.8,87.3,1.5
12,15,300,2,15,29,1000,885.0,28.0,115.0,28.0,11.5,2.8,86.8,1.7
12,15,300,2,15,30,1000,905.0,25.0,95.0,25.0,9.5,2.5,85.7,1.9
12,15,300,2,16,11,1000,582.0,27.0,418.0,27.0,41.8,2.7,93.9,0.7
12,15,300,2,16,12,1000,609.0,24.0,391.0,24.0,39.1,2.4,93.6,0.7
12,15,300,2,16,13,1000,629.0,26.0,371.0,26.0,37.1,2.6,93.3,0.7
12,15,300,2,16,14,1000,650.0,28.0,350.0,28.0,35.0,2.8,92.9,0.7
12,15,300,2,16,15,1000,670.0,28.0,330.0,28.0,33.0,2.8,92.6,0.8
12,15,300,2,16,16,1000,688.0,27.0,312.0,27.0,31.2,2.7,92.5,0.8
12,15,300,2,16,17,1000,705.0,27.0,295.0,27.0,29.5,2.7,92.0,1.0
12,15,300,2,16,18,1000,720.0,27.0,280.0,27.0,28.0,2.7,91.9,1.0
12,15,300,2,16,19,1000,746.0,26.0,254.0,26.0,25.4,2.6,91.4,1.0
12,15,300,2,16,20,1000,764.0,28.0,236.0,28.0,23.6,2.8,90.8,1.1
12,15,300,2,16,21,1000,785.0,30.0,215.0,30.0,21.5,3.0,90.2,1.3
12,15,300,2,16,22,1000,796.0,31.0,204.0,31.0,20.4,3.1,90.2,1.3
12,15,300,2,16,23,1000,814.0,27.0,186.0,27.0,18.6,2.7,89.5,1.3
12,15,300,2,16,24,1000,829.0,25.0,171.0,25.0,17.1,2.5,89.4,1.2
12,15,300,2,16,25,1000,842.0,27.0,158.0,27.0,15.8,2.7,88.5,1.4
12,15,300,2,16,26,1000,857.0,25.0,143.0,25.0,14.3,2.5,87.8,1.4
12,15,300,2,16,27,1000,872.0,26.0,128.0,26.0,12.8,2.6,87.4,1.8
12,15,300,2,16,28,1000,890.0,26.0,110.0,26.0,11.0,2.6,86.7,1.8
12,15,300,2,16,29,1000,900.0,23.0,100.0,23.0,10.0,2.3,85.8,1.7
12,15,300,2,16,30,1000,913.0,22.0,87.0,22.0,8.7,2.2,85.4,2.0
12,15,300,2,17,11,1000,609.0,28.0,391.0,28.0,39.1,2.8,93.6,0.8
12,15,300,2,17,12,1000,628.0,25.0,372.0,25.0,37.2,2.5,93.3,0.7
12,15,300,2,17,13,1000,651.0,26.0,349.0,26.0,34.9,2.6,92.9,0.7
12,15,300,2,17,14,1000,673.0,30.0,327.0,30.0,32.7,3.0,92.5,0.9
12,15,300,2,17,15,1000,684.0,30.0,316.0,30.0,31.6,3.0,92.5,0.9
12,15,300,2,17,16,1000,710.0,28.0,290.0,28.0,29.0,2.8,92.0,1.0
12,15,300,2,17,17,1000,724.0,27.0,276.0,27.0,27.6,2.7,91.7,0.9
12,15,300,2,17,18,1000,744.0,29.0,256.0,29.0,25.6,2.9,91.5,1.0
12,15,300,2,17,19,1000,764.0,30.0,236.0,30.0,23.6,3.0,90.8,1.2
12,15,300,2,17,20,1000,780.0,28.0,220.0,28.0,22.0,2.8,90.5,1.1
12,15,300,2,17,21,1000,797.0,30.0,203.0,30.0,20.3,3.0,90.1,1.2
12,15,300,2,17,22,1000,815.0,28.0,185.0,28.0,18.5,2.8,89.6,1.4
12,15,300,2,17,23,1000,831.0,29.0,169.0,29.0,16.9,2.9,89.1,1.3
12,15,300,2,17,24,1000,847.0,26.0,153.0,26.0,15.3,2.6,88.4,1.5
12,15,300,2,17,25,1000,862.0,27.0,138.0,27.0,13.8,2.7,87.8,1.5
12,15,300,2,17,26,1000,872.0,25.0,128.0,25.0,12.8,2.5,87.3,1.4
12,15,300,2,17,27,1000,891.0,26.0,109.0,26.0,10.9,2.6,86.4,1.7
12,15,300,2,17,28,1000,900.0,24.0,100.0,24.0,10.0,2.4,86.2,1.6
12,15,300,2,17,29,1000,912.0,21.0,88.0,21.0,8.8,2.1,85.2,2.0
12,15,300,2,17,30,1000,919.0,24.0,81.0,24.0,8.1,2.4,84.4,2.2
12,15,300,2,18,11,1000,629.0,29.0,371.0,29.0,37.1,2.9,93.3,0.7
12,15,300,2,18,12,1000,652.0,29.0,348.0,29.0,34.8,2.9,93.0,0.7
12,15,300,2,18,13,1000,669.0,31.0,331.0,31.0,33.1,3.1,92.7,0.8
12,15,300,2,18,14,1000,685.0,28.0,315.0,28.0,31.5,2.8,92.4,0.9
12,15,300,2,18,15,1000,708.0,30.0,292.0,30.0,29.2,3.0,92.1,0.8
12,15,300,2,18,16,1000,725.0,28.0,275.0,28.0,27.5,2.8,91.8,0.9
12,15,300,2,18,17,1000,745.0,32.0,255.0,32.0,25.5,3.2,91.3,1.1
12,15,300,2,18,18,1000,762.0,29.0,238.0,29.0,23.8,2.9,91.0,1.0
12,15,300,2,18,19,1000,779.0,25.0,221.0,25.0,22.1,2.5,90.5,1.2
12,15,300,2,18,20,1000,798.0,29.0,202.0,29.0,20.2,2.9,89.9,1.2
12,15,300,2,18,21,1000,815.0,30.0,185.0,30.0,18.5,3.0,89.6,1.4
12,15,300,2,18,22,1000,832.0,26.0,168.0,26.0,16.8,2.6,88.9,1.3
12,15,300,2,18,23,1000,843.0,27.0,157.0,27.0,15.7,2.7,88.6,1.4
12,15,300,2,18,24,1000,863.0,25.0,137.0,25.0,13.7,2.5,87.9,1.5
12,15,300,2,18,25,1000,874.0,25.0,126.0,25.0,12.6,2.5,87.4,1.5
12,15,300,2,18,26,1000,886.0,30.0,114.0,30.0,11.4,3.0,86.4,1.8
12,15,300,2,18,27,1000,902.0,25.0,98.0,25.0,9.8,2.5,85.8,2.0
12,15,300,2,18,28,1000,911.0,24.0,89.0,24.0,8.9,2.4,85.2,1.8
12,15,300,2,18,29,1000,920.0,22.0,80.0,22.0,8.0,2.2,84.8,1.8
12,15,300,2,18,30,1000,936.0,21.0,64.0,21.0,6.4,2.1,83.6,2.2
12,15,300,2,19,11,1000,648.0,26.0,352.0,26.0,35.2,2.6,93.0,0.9
12,15,300,2,19,12,1000,667.0,28.0,333.0,28.0,33.3,2.8,92.7,1.0
12,15,300,2,19,13,1000,692.0,29.0,308.0,29.0,30.8,2.9,92.4,0.8
12,15,300,2,19,14,1000,708.0,31.0,292.0,31.0,29.2,3.1,92.1,0.8
12,15,300,2,19,15,1000,725.0,29.0,275.0,29.0,27.5,2.9,91.8,0.9
12,15,300,2,19,16,1000,747.0,31.0,253.0,31.0,25.3,3.1,91.2,1.1
12,15,300,2,19,17,1000,765.0,27.0,235.0,27.0,23.5,2.7,90.9,1.1
12,15,300,2,19,18,1000,778.0,29.0,222.0,29.0,22.2,2.9,90.5,1.1
12,15,300,2,19,19,1000,794.0,28.0,206.0,28.0,20.6,2.8,90.1,1.3
12,15,300,2,19,20,1000,816.0,28.0,184.0,28.0,18.4,2.8,89.6,1.3
12,15,300,2,19,21,1000,833.0,28.0,167.0,28.0,16.7,2.8,89.0,1.3
12,15,300,2,19,22,1000,840.0,32.0,160.0,32.0,16.0,3.2,88.6,1.6
12,15,300,2,19,23,1000,857.0,27.0,143.0,27.0,14.3,2.7,87.9,1.5
12,15,300,2,19,24,1000,871.0,28.0,129.0,28.0,12.9,2.8,87.5,1.6
12,15,300,2,19,25,1000,887.0,26.0,113.0,26.0,11.3,2.6,86.8,1.7
12,15,300,2,19,26,1000,900.0,25.0,100.0,25.0,10.0,2.5,86.0,1.7
12,15,300,2,19,27,1000,914.0,24.0,86.0,24.0,8.6,2.4,85.2,1.8
12,15,300,2,19,28,1000,922.0,23.0,78.0,23.0,7.8,2.3,84.4,1.9
12,15,300,2,19,29,1000,937.0,20.0,63.0,20.0,6.3,2.0,83.6,2.2
12,15,300,2,19,30,1000,943.0,21.0,57.0,21.0,5.7,2.1,82.7,2.3
12,15,300,2,20,11,1000,666.0,27.0,334.0,27.0,33.4,2.7,92.7,0.9
12,15,300,2,20,12,1000,685.0,30.0,315.0,30.0,31.5,3.0,92.4,0.9
12,15,300,2,20,13,1000,709.0,29.0,291.0,29.0,29.1,2.9,92.0,0.9
12,15,300,2,20,14,1000,727.0,30.0,273.0,30.0,27.3,3.0,91.7,1.2
12,15,300,2,20,15,1000,743.0,27.0,257.0,27.0,25.7,2.7,91.3,1.1
12,15,300,2,20,16,1000,760.0,34.0,240.0,34.0,24.0,3.4,90.9,1.1
12,15,300,2,20,17,1000,781.0,28.0,219.0,28.0,21.9,2.8,90.5,1.2
12,15,300,2,20,18,1000,795.0,29.0,205.0,29.0,20.5,2.9,90.1,1.2
12,15,300,2,20,19,1000,815.0,29.0,185.0,29.0,18.5,2.9,89.5,1.3
12,15,300,2,20,20,1000,827.0,28.0,173.0,28.0,17.3,2.8,89.2,1.2
12,15,300,2,20,21,1000,848.0,28.0,152.0,28.0,15.2,2.8,88.3,1.4
12,15,300,2,20,22,1000,858.0,28.0,142.0,28.0,14.2,2.8,88.2,1.4
12,15,300,2,20,23,1000,872.0,28.0,128.0,28.0,12.8,2.8,87.3,1.8
12,15,300,2,20,24,1000,890.0,25.0,110.0,25.0,11.0,2.5,86.7,1.7
12,15,300,2,20,25,1000,901.0,24.0,99.0,24.0,9.9,2.4,85.7,1.9
12,15,300,2,20,26,1000,912.0,22.0,88.0,22.0,8.8,2.2,85.1,1.9
12,15,300,2,20,27,1000,925.0,23.0,75.0,23.0,7.5,2.3,84.2,1.8
12,15,300,2,20,28,1000,931.0,22.0,69.0,22.0,6.9,2.2,83.8,2.2
12,15,300,2,20,29,1000,944.0,22.0,56.0,22.0,5.6,2.2,82.7,2.2
12,15,300,2,20,30,1000,953.0,20.0,47.0,20.0,4.7,2.0,81.6,2.2
12,15,300,2,21,11,1000,685.0,31.0,315.0,31.0,31.5,3.1,92.5,0.9
12,15,300,2,21,12,1000,709.0,31.0,291.0,31.0,29.1,3.1,91.9,1.0
12,15,300,2,21,13,1000,726.0,34.0,274.0,34.0,27.4,3.4,91.6,1.1
12,15,300,2,21,14,1000,745.0,31.0,255.0,31.0,25.5,3.1,91.3,1.1
12,15,300,2,21,15,1000,762.0,26.0,238.0,26.0,23.8,2.6,91.0,1.0
12,15,300,2,21,16,1000,772.0,26.0,228.0,26.0,22.8,2.6,90.6,1.1
12,15,300,2,21,17,1000,795.0,36.0,205.0,36.0,20.5,3.6,90.1,1.5
12,15,300,2,21,18,1000,817.0,27.0,183.0,27.0,18.3,2.7,89.5,1.2
12,15,300,2,21,19,1000,826.0,27.0,174.0,27.0,17.4,2.7,89.1,1.3
12,15,300,2,21,20,1000,845.0,31.0,155.0,31.0,15.5,3.1,88.4,1.4
12,15,300,2,21,21,1000,859.0,27.0,141.0,27.0,14.1,2.7,88.0,1.5
12,15,300,2,21,22,1000,874.0,27.0,126.0,27.0,12.6,2.7,87.1,1.6
12,15,300,2,21,23,1000,886.0,27.0,114.0,27.0,11.4,2.7,86.7,1.7
12,15,300,2,21,24,1000,902.0,22.0,98.0,22.0,9.8,2.2,86.0,1.6
12,15,300,2,21,25,1000,912.0,27.0,88.0,27.0,8.8,2.7,85.1,2.0
12,15,300,2,21,26,1000,921.0,19.0,79.0,19.0,7.9,1.9,84.4,1.8
12,15,300,2,21,27,1000,935.0,23.0,65.0,23.0,6.5,2.3,83.4,2.2
12,15,300,2,21,28,1000,943.0,21.0,57.0,21.0,5.7,2.1,82.8,2.3
12,15,300,2,21,29,1000,950.0,18.0,50.0,18.0,5.0,1.8,81.9,2.5
12,15,300,2,21,30,1000,958.0,17.0,42.0,17.0,4.2,1.7,81.3,2.3
12,15,300,2,22,11,1000,702.0,30.0,298.0,30.0,29.8,3.0,92.2,0.9
12,15,300,2,22,12,1000,729.0,30.0,271.0,30.0,27.1,3.0,91.7,1.0
12,15,300,2,22,13,1000,744.0,28.0,256.0,28.0,25.6,2.8,91.4,1.0
12,15,300,2,22,14,1000,758.0,33.0,242.0,33.0,24.2,3.3,91.0,1.1
12,15,300,2,22,15,1000,779.0,31.0,221.0,31.0,22.1,3.1,90.5,1.3
12,15,300,2,22,16,1000,794.0,30.0,206.0,30.0,20.6,3.0,90.1,1.3
12,15,300,2,22,17,1000,814.0,27.0,186.0,27.0,18.6,2.7,89.5,1.4
12,15,300,2,22,18,1000,823.0,28.0,177.0,28.0,17.7,2.8,89.3,1.1
12,15,300,2,22,19,1000,844.0,28.0,156.0,28.0,15.6,2.8,88.5,1.5
12,15,300,2,22,20,1000,860.0,28.0,140.0,28.0,14.0,2.8,87.9,1.6
12,15,300,2,22,21,1000,872.0,28.0,128.0,28.0,12.8,2.8,87.3,1.6
12,15,300,2,22,22,1000,889.0,27.0,111.0,27.0,11.1,2.7,86.7,1.7
12,15,300,2,22,23,1000,899.0,26.0,101.0,26.0,10.1,2.6,85.9,2.0
12,15,300,2,22,24,1000,910.0,23.0,90.0,23.0,9.0,2.3,85.0,1.8
12,15,300,2,22,25,1000,926.0,23.0,74.0,23.0,7.4,2.3,84.1,2.0
12,15,300,2,22,26,1000,937.0,20.0,63.0,20.0,6.3,2.0,83.4,2.0
12,15,300,2,22,27,1000,943.0,19.0,57.0,19.0,5.7,1.9,83.1,2.2
12,15,300,2,22,28,1000,954.0,18.0,46.0,18.0,4.6,1.8,81.8,2.5
12,15,300,2,22,29,1000,959.0,19.0,41.0,19.0,4.1,1.9,80.9,2.6
12,15,300,2,22,30,1000,966.0,17.0,34.0,17.0,3.4,1.7,80.3,2.4
12,15,300,2,23,11,1000,726.0,32.0,274.0,32.0,27.4,3.2,91.7,1.0
12,15,300,2,23,12,1000,744.0,32.0,256.0,32.0,25.6,3.2,91.4,0.9
12,15,300,2,23,13,1000,762.0,30.0,238.0,30.0,23.8,3.0,91.0,1.0
12,15,300,2,23,14,1000,777.0,33.0,223.0,33.0,22.3,3.3,90.5,1.2
12,15,300,2,23,15,1000,796.0,30.0,204.0,30.0,20.4,3.0,89.8,1.3
12,15,300,2,23,16,1000,810.0,32.0,190.0,32.0,19.0,3.2,89.6,1.4
12,15,300,2,23,17,1000,826.0,30.0,174.0,30.0,17.4,3.0,89.0,1.4
12,15,300,2,23,18,1000,847.0,28.0,153.0,28.0,15.3,2.8,88.4,1.5
12,15,300,2,23,19,1000,859.0,28.0,141.0,28.0,14.1,2.8,88.0,1.6
12,15,300,2,23,20,1000,875.0,23.0,125.0,23.0,12.5,2.3,87.0,1.5
12,15,300,2,23,21,1000,886.0,29.0,114.0,29.0,11.4,2.9,86.7,1.7
12,15,300,2,23,22,1000,899.0,29.0,101.0,29.0,10.1,2.9,86.0,1.8
12,15,300,2,23,23,1000,913.0,21.0,87.0,21.0,8.7,2.1,85.2,1.8
12,15,300,2,23,24,1000,923.0,25.0,77.0,25.0,7.7,2.5,84.6,2.0
12,15,300,2,23,25,1000,934.0,22.0,66.0,22.0,6.6,2.2,83.5,2.1
12,15,300,2,23,26,1000,944.0,18.0,56.0,18.0,5.6,1.8,82.9,2.0
12,15,300,2,23,27,1000,951.0,19.0,49.0,19.0,4.9,1.9,82.1,2.4
12,15,300,2,23,28,1000,961.0,18.0,39.0,18.0,3.9,1.8,80.4,2.7
12,15,300,2,23,29,1000,966.0,15.0,34.0,15.0,3.4,1.5,80.0,2.8
12,15,300,2,23,30,1000,972.0,14.0,28.0,14.0,2.8,1.4,79.0,2.3
12,15,300,2,24,11,1000,744.0,32.0,256.0,32.0,25.6,3.2,91.3,1.1
12,15,300,2,24,12,1000,759.0,28.0,241.0,28.0,24.1,2.8,90.9,1.1
12,15,300,2,24,13,1000,781.0,33.0,219.0,33.0,21.9,3.3,90.6,1.2
12,15,300,2,24,14,1000,794.0,32.0,206.0,32.0,20.6,3.2,90.2,1.3
12,15,300,2,24,15,1000,811.0,30.0,189.0,30.0,18.9,3.0,89.8,1.3
12,15,300,2,24,16,1000,829.0,26.0,171.0,26.0,17.1,2.6,89.1,1.3
12,15,300,2,24,17,1000,852.0,29.0,148.0,29.0,14.8,2.9,88.4,1.5
12,15,300,2,24,18,1000,864.0,25.0,136.0,25.0,13.6,2.5,87.8,1.5
12,15,300,2,24,19,1000,874.0,27.0,126.0,27.0,12.6,2.7,87.2,1.7
12,15,300,2,24,20,1000,890.0,27.0,110.0,27.0,11.0,2.7,86.6,1.6
12,15,300,2,24,21,1000,900.0,26.0,100.0,26.0,10.0,2.6,86.0,1.7
12,15,300,2,24,22,1000,909.0,25.0,91.0,25.0,9.1,2.5,85.3,1.8
12,15,300,2,24,23,1000,927.0,22.0,73.0,22.0,7.3,2.2,84.4,2.1
12,15,300,2,24,24,1000,934.0,22.0,66.0,22.0,6.6,2.2,83.6,2.1
12,15,300,2,24,25,1000,945.0,19.0,55.0,19.0,5.5,1.9,83.0,1.9
12,15,300,2,24,26,1000,952.0,20.0,48.0,20.0,4.8,2.0,81.8,2.4
12,15,300,2,24,27,1000,961.0,18.0,39.0,18.0,3.9,1.8,80.9,2.4
12,15,300,2,24,28,1000,967.0,16.0,33.0,16.0,3.3,1.6,79.6,2.6
12,15,300,2,24,29,1000,972.0,14.0,28.0,14.0,2.8,1.4,78.8,2.6
12,15,300,2,24,30,1000,978.0,14.0,22.0,14.0,2.2,1.4,77.7,2.5
12,15,300,2,25,11,1000,759.0,32.0,241.0,32.0,24.1,3.2,91.0,1.1
12,15,300,2,25,12,1000,781.0,29.0,219.0,29.0,21.9,2.9,90.6,1.3
12,15,300,2,25,13,1000,797.0,28.0,203.0,28.0,20.3,2.8,89.9,1.3
12,15,300,2,25,14,1000,816.0,26.0,184.0,26.0,18.4,2.6,89.5,1.2
12,15,300,2,25,15,1000,830.0,29.0,170.0,29.0,17.0,2.9,88.8,1.4
12,15,300,2,25,16,1000,843.0,27.0,157.0,27.0,15.7,2.7,88.7,1.5
12,15,300,2,25,17,1000,855.0,25.0,145.0,25.0,14.5,2.5,88.1,1.6
12,15,300,2,25,18,1000,872.0,26.0,128.0,26.0,12.8,2.6,87.2,1.8
12,15,300,2,25,19,1000,883.0,30.0,117.0,30.0,11.7,3.0,86.8,1.7
12,15,300,2,25,20,1000,896.0,24.0,104.0,24.0,10.4,2.4,86.1,2.0
12,15,300,2,25,21,1000,912.0,22.0,88.0,22.0,8.8,2.2,85.4,1.7
12,15,300,2,25,22,1000,922.0,22.0,78.0,22.0,7.8,2.2,84.6,1.8
12,15,300,2,25,23,1000,933.0,23.0,67.0,23.0,6.7,2.3,83.7,2.3
12,15,300,2,25,24,1000,942.0,21.0,58.0,21.0,5.8,2.1,82.6,2.2
12,15,300,2,25,25,1000,952.0,19.0,48.0,19.0,4.8,1.9,81.5,2.6
12,15,300,2,25,26,1000,961.0,18.0,39.0,18.0,3.9,1.8,81.0,2.4
12,15,300,2,25,27,1000,967.0,17.0,33.0,17.0,3.3,1.7,80.1,2.6
12,15,300,2,25,28,1000,971.0,17.0,29.0,17.0,2.9,1.7,79.4,2.5
12,15,300,2,25,29,1000,979.0,12.0,21.0,12.0,2.1,1.2,77.2,2.7
12,15,300,2,25,30,1000,983.0,10.0,17.0,10.0,1.7,1.0,77.1,2.6
12,15,300,2,26,11,1000,779.0,29.0,221.0,29.0,22.1,2.9,90.6,1.2
12,15,300,2,26,12,1000,798.0,27.0,202.0,27.0,20.2,2.7,90.0,1.1
12,15,300,2,26,13,1000,814.0,27.0,186.0,27.0,18.6,2.7,89.5,1.2
12,15,300,2,26,14,1000,828.0,26.0,172.0,26.0,17.2,2.6,88.9,1.3
12,15,300,2,26,15,1000,843.0,30.0,157.0,30.0,15.7,3.0,88.5,1.6
12,15,300,2,26,16,1000,859.0,28.0,141.0,28.0,14.1,2.8,87.8,1.6
12,15,300,2,26,17,1000,877.0,24.0,123.0,24.0,12.3,2.4,87.4,1.3
12,15,300,2,26,18,1000,889.0,27.0,111.0,27.0,11.1,2.7,86.6,1.7
12,15,300,2,26,19,1000,898.0,24.0,102.0,24.0,10.2,2.4,86.1,1.7
12,15,300,2,26,20,1000,907.0,23.0,93.0,23.0,9.3,2.3,85.4,1.9
12,15,300,2,26,21,1000,925.0,22.0,75.0,22.0,7.5,2.2,84.1,2.2
12,15,300,2,26,22,1000,931.0,22.0,69.0,22.0,6.9,2.2,84.1,2.0
12,15,300,2,26,23,1000,942.0,20.0,58.0,20.0,5.8,2.0,82.7,2.0
12,15,300,2,26,24,1000,955.0,18.0,45.0,18.0,4.5,1.8,81.5,2.1
12,15,300,2,26,25,1000,961.0,21.0,39.0,21.0,3.9,2.1,80.9,2.7
12,15,300,2,26,26,1000,967.0,16.0,33.0,16.0,3.3,1.6,79.6,2.4
12,15,300,2,26,27,1000,972.0,14.0,28.0,14.0,2.8,1.4,79.1,2.4
12,15,300,2,26,28,1000,979.0,12.0,21.0,12.0,2.1,1.2,78.0,2.5
12,15,300,2,26,29,1000,983.0,12.0,17.0,12.0,1.7,1.2,76.7,2.7
12,15,300,2,26,30,1000,986.0,10.0,14.0,10.0,1.4,1.0,75.8,2.9
12,15,300,2,27,11,1000,798.0,29.0,202.0,29.0,20.2,2.9,90.0,1.2
12,15,300,2,27,12,1000,811.0,25.0,189.0,25.0,18.9,2.5,89.7,1.0
12,15,300,2,27,13,1000,828.0,31.0,172.0,31.0,17.2,3.1,89.1,1.4
12,15,300,2,27,14,1000,845.0,29.0,155.0,29.0,15.5,2.9,88.6,1.3
12,15,300,2,27,15,1000,859.0,26.0,141.0,26.0,14.1,2.6,87.9,1.6
12,15,300,2,27,16,1000,870.0,26.0,130.0,26.0,13.0,2.6,87.4,1.6
12,15,300,2,27,17,1000,891.0,26.0,109.0,26.0,10.9,2.6,86.4,1.8
12,15,300,2,27,18,1000,906.0,23.0,94.0,23.0,9.4,2.3,85.6,2.1
12,15,300,2,27,19,1000,914.0,23.0,86.0,23.0,8.6,2.3,85.3,1.9
12,15,300,2,27,20,1000,924.0,23.0,76.0,23.0,7.6,2.3,84.6,1.8
12,15,300,2,27,21,1000,936.0,23.0,64.0,23.0,6.4,2.3,83.4,2.1
12,15,300,2,27,22,1000,943.0,21.0,57.0,21.0,5.7,2.1,82.7,2.3
12,15,300,2,27,23,1000,953.0,16.0,47.0,16.0,4.7,1.6,81.4,2.1
12,15,300,2,27,24,1000,960.0,21.0,40.0,21.0,4.0,2.1,80.9,2.6
12,15,300,2,27,25,1000,966.0,16.0,34.0,16.0,3.4,1.6,79.6,2.6
12,15,300,2,27,26,1000,974.0,13.0,26.0,13.0,2.6,1.3,78.7,2.5
12,15,300,2,27,27,1000,977.0,14.0,23.0,14.0,2.3,1.4,78.0,2.4
12,15,300,2,27,28,1000,984.0,13.0,16.0,13.0,1.6,1.3,76.4,2.8
12,15,300,2,27,29,1000,988.0,8.0,12.0,8.0,1.2,0.8,75.2,2.4
12,15,300,2,27,30,1000,988.0,9.0,12.0,9.0,1.2,0.9,74.9,2.8
12,15,300,2,28,11,1000,812.0,29.0,188.0,29.0,18.8,2.9,89.5,1.3
12,15,300,2,28,12,1000,825.0,29.0,175.0,29.0,17.5,2.9,89.3,1.3
12,15,300,2,28,13,1000,844.0,27.0,156.0,27.0,15.6,2.7,88.3,1.6
12,15,300,2,28,14,1000,855.0,29.0,145.0,29.0,14.5,2.9,88.1,1.3
12,15,300,2,28,15,1000,870.0,27.0,130.0,27.0,13.0,2.7,87.7,1.6
12,15,300,2,28,16,1000,886.0,23.0,114.0,23.0,11.4,2.3,86.8,1.8
12,15,300,2,28,17,1000,900.0,21.0,100.0,21.0,10.0,2.1,86.0,1.5
12,15,300,2,28,18,1000,912.0,24.0,88.0,24.0,8.8,2.4,85.2,2.2
12,15,300,2,28,19,1000,921.0,21.0,79.0,21.0,7.9,2.1,84.7,2.0
12,15,300,2,28,20,1000,938.0,22.0,62.0,22.0,6.2,2.2,83.4,2.1
12,15,300,2,28,21,1000,940.0,22.0,60.0,22.0,6.0,2.2,82.9,2.4
12,15,300,2,28,22,1000,951.0,23.0,49.0,23.0,4.9,2.3,81.8,2.6
12,15,300,2,28,23,1000,963.0,14.0,37.0,14.0,3.7,1.4,80.8,2.3
12,15,300,2,28,24,1000,968.0,16.0,32.0,16.0,3.2,1.6,80.1,2.7
12,15,300,2,28,25,1000,971.0,14.0,29.0,14.0,2.9,1.4,79.1,2.6
12,15,300,2,28,26,1000,978.0,12.0,22.0,12.0,2.2,1.2,78.0,2.6
12,15,300,2,28,27,1000,983.0,12.0,17.0,12.0,1.7,1.2,76.5,2.8
12,15,300,2,28,28,1000,984.0,12.0,16.0,12.0,1.6,1.2,75.8,2.9
12,15,300,2,28,29,1000,991.0,8.0,9.0,8.0,0.9,0.8,74.3,2.7
12,15,300,2,28,30,1000,992.0,7.0,8.0,7.0,0.8,0.7,73.2,2.9
12,15,300,2,29,11,1000,832.0,28.0,168.0,28.0,16.8,2.8,89.1,1.3
12,15,300,2,29,12,1000,846.0,29.0,154.0,29.0,15.4,2.9,88.7,1.4
12,15,300,2,29,13,1000,859.0,27.0,141.0,27.0,14.1,2.7,87.8,1.5
12,15,300,2,29,14,1000,873.0,28.0,127.0,28.0,12.7,2.8,87.2,1.9
12,15,300,2,29,15,1000,890.0,24.0,110.0,24.0,11.0,2.4,86.6,1.9
12,15,300,2,29,16,1000,897.0,25.0,103.0,25.0,10.3,2.5,86.0,1.8
12,15,300,2,29,17,1000,911.0,27.0,89.0,27.0,8.9,2.7,85.3,2.1
12,15,300,2,29,18,1000,920.0,24.0,80.0,24.0,8.0,2.4,84.7,2.1
12,15,300,2,29,19,1000,934.0,24.0,66.0,24.0,6.6,2.4,83.6,2.1
12,15,300,2,29,20,1000,941.0,20.0,59.0,20.0,5.9,2.0,82.9,2.2
12,15,300,2,29,21,1000,950.0,19.0,50.0,19.0,5.0,1.9,82.1,2.0
12,15,300,2,29,22,1000,960.0,18.0,40.0,18.0,4.0,1.8,81.1,2.3
12,15,300,2,29,23,1000,965.0,16.0,35.0,16.0,3.5,1.6,79.9,2.7
12,15,300,2,29,24,1000,974.0,15.0,26.0,15.0,2.6,1.5,78.6,3.1
12,15,300,2,29,25,1000,976.0,15.0,24.0,15.0,2.4,1.5,77.6,2.6
12,15,300,2,29,26,1000,986.0,10.0,14.0,10.0,1.4,1.0,76.4,2.6
12,15,300,2,29,27,1000,987.0,10.0,13.0,10.0,1.3,1.0,75.8,3.0
12,15,300,2,29,28,1000,989.0,8.0,11.0,8.0,1.1,0.8,74.6,2.8
12,15,300,2,29,29,1000,992.0,8.0,8.0,8.0,0.8,0.8,73.1,3.3
12,15,300,2,29,30,1000,995.0,6.0,5.0,6.0,0.5,0.6,72.3,2.5
12,15,300,2,30,11,1000,842.0,28.0,158.0,28.0,15.8,2.8,88.6,1.2
12,15,300,2,30,12,1000,857.0,28.0,143.0,28.0,14.3,2.8,87.9,1.3
12,15,300,2,30,13,1000,871.0,28.0,129.0,28.0,12.9,2.8,87.4,1.5
12,15,300,2,30,14,1000,885.0,22.0,115.0,22.0,11.5,2.2,86.7,1.8
12,15,300,2,30,15,1000,900.0,22.0,100.0,22.0,10.0,2.2,86.2,1.6
12,15,300,2,30,16,1000,914.0,22.0,86.0,22.0,8.6,2.2,85.0,2.0
12,15,300,2,30,17,1000,928.0,21.0,72.0,21.0,7.2,2.1,84.2,1.8
12,15,300,2,30,18,1000,935.0,19.0,65.0,19.0,6.5,1.9,83.6,2.0
12,15,300,2,30,19,1000,945.0,21.0,55.0,21.0,5.5,2.1,82.5,2.4
12,15,300,2,30,20,1000,953.0,21.0,47.0,21.0,4.7,2.1,81.7,2.7
12,15,300,2,30,21,1000,960.0,17.0,40.0,17.0,4.0,1.7,80.8,2.2
12,15,300,2,30,22,1000,968.0,15.0,32.0,15.0,3.2,1.5,79.7,2.5
12,15,300,2,30,23,1000,972.0,14.0,28.0,14.0,2.8,1.4,78.6,2.7
12,15,300,2,30,24,1000,977.0,13.0,23.0,13.0,2.3,1.3,77.4,2.5
12,15,300,2,30,25,1000,982.0,12.0,18.0,12.0,1.8,1.2,76.8,2.6
12,15,300,2,30,26,1000,986.0,10.0,14.0,10.0,1.4,1.0,75.8,2.4
12,15,300,2,30,27,1000,987.0,10.0,13.0,10.0,1.3,1.0,74.8,3.0
12,15,300,2,30,28,1000,992.0,8.0,8.0,8.0,0.8,0.8,73.1,2.7
12,15,300,2,30,29,1000,994.0,6.0,6.0,6.0,0.6,0.6,72.5,3.0
12,15,300,2,30,30,1000,995.0,5.0,5.0,5.0,0.5,0.5,71.6,3.0
12,15,300,2,30,30,1000,995.0,5.0,5.0,5.0,0.5,0.5,71.6,3.0
